Links,,
,,
,"{'city': 'Bedfordshire', 'url': 'https://www.rightmove.co.uk/commercial-property-to-let/find.html?locationIdentifier=REGION%5E61286&radius=0.0&displayPropertyType=commercial&rent.x=RENT&search=To+Rent'},","{'city': 'Bedfordshire Buy', 'url': 'https://www.rightmove.co.uk/commercial-property-for-sale/find.html?locationIdentifier=REGION%5E61286&radius=0.0&displayPropertyType=commercial&rent.x=Sale&search=For+Sale'},"
,"{'city': 'Berkshire', 'url': 'https://www.rightmove.co.uk/commercial-property-to-let/find.html?locationIdentifier=REGION%5E61287&radius=0.0&displayPropertyType=commercial&rent.x=RENT&search=To+Rent'},","{'city': 'Berkshire Buy', 'url': 'https://www.rightmove.co.uk/commercial-property-for-sale/find.html?locationIdentifier=REGION%5E61287&radius=0.0&displayPropertyType=commercial&rent.x=Sale&search=For+Sale'},"
,"{'city': 'Bristol', 'url': 'https://www.rightmove.co.uk/commercial-property-to-let/find.html?locationIdentifier=REGION%5E219&radius=0.0&displayPropertyType=commercial&rent.x=RENT&search=To+Rent'},","{'city': 'Bristol Buy', 'url': 'https://www.rightmove.co.uk/commercial-property-for-sale/find.html?locationIdentifier=REGION%5E219&radius=0.0&displayPropertyType=commercial&rent.x=Sale&search=For+Sale'},"
,"{'city': 'Buckinghamshire', 'url': 'https://www.rightmove.co.uk/commercial-property-to-let/find.html?locationIdentifier=REGION%5E61289&radius=0.0&displayPropertyType=commercial&rent.x=RENT&search=To+Rent'},","{'city': 'Buckinghamshire Buy', 'url': 'https://www.rightmove.co.uk/commercial-property-for-sale/find.html?locationIdentifier=REGION%5E61289&radius=0.0&displayPropertyType=commercial&rent.x=Sale&search=For+Sale'},"
,"{'city': 'Cambridgeshire', 'url': 'https://www.rightmove.co.uk/commercial-property-to-let/find.html?locationIdentifier=REGION%5E61291&radius=0.0&displayPropertyType=commercial&rent.x=RENT&search=To+Rent'},","{'city': 'Cambridgeshire Buy', 'url': 'https://www.rightmove.co.uk/commercial-property-for-sale/find.html?locationIdentifier=REGION%5E61291&radius=0.0&displayPropertyType=commercial&rent.x=Sale&search=For+Sale'},"
,"{'city': 'Cheshire', 'url': 'https://www.rightmove.co.uk/commercial-property-to-let/find.html?locationIdentifier=REGION%5E61293&radius=0.0&displayPropertyType=commercial&rent.x=RENT&search=To+Rent'},","{'city': 'Cheshire Buy', 'url': 'https://www.rightmove.co.uk/commercial-property-for-sale/find.html?locationIdentifier=REGION%5E61293&radius=0.0&displayPropertyType=commercial&rent.x=Sale&search=For+Sale'},"
,"{'city': 'Cornwall', 'url': 'https://www.rightmove.co.uk/commercial-property-to-let/find.html?locationIdentifier=REGION%5E61294&radius=0.0&displayPropertyType=commercial&rent.x=RENT&search=To+Rent'},","{'city': 'Cornwall Buy', 'url': 'https://www.rightmove.co.uk/commercial-property-for-sale/find.html?locationIdentifier=REGION%5E61294&radius=0.0&displayPropertyType=commercial&rent.x=Sale&search=For+Sale'},"
,"{'city': 'County Durham', 'url': 'https://www.rightmove.co.uk/commercial-property-to-let/find.html?locationIdentifier=REGION%5E61332&radius=0.0&displayPropertyType=commercial&rent.x=RENT&search=To+Rent'},","{'city': 'County Durham Buy', 'url': 'https://www.rightmove.co.uk/commercial-property-for-sale/find.html?locationIdentifier=REGION%5E61332&radius=0.0&displayPropertyType=commercial&rent.x=Sale&search=For+Sale'},"
,"{'city': 'Cumbria', 'url': 'https://www.rightmove.co.uk/commercial-property-to-let/find.html?locationIdentifier=REGION%5E61213&radius=0.0&displayPropertyType=commercial&rent.x=RENT&search=To+Rent'},","{'city': 'Cumbria Buy', 'url': 'https://www.rightmove.co.uk/commercial-property-for-sale/find.html?locationIdentifier=REGION%5E61213&radius=0.0&displayPropertyType=commercial&rent.x=Sale&search=For+Sale'},"
,"{'city': 'Derbyshire', 'url': 'https://www.rightmove.co.uk/commercial-property-to-let/find.html?locationIdentifier=REGION%5E61296&radius=0.0&displayPropertyType=commercial&rent.x=RENT&search=To+Rent'},","{'city': 'Derbyshire Buy', 'url': 'https://www.rightmove.co.uk/commercial-property-for-sale/find.html?locationIdentifier=REGION%5E61296&radius=0.0&displayPropertyType=commercial&rent.x=Sale&search=For+Sale'},"
,"{'city': 'Devon', 'url': 'https://www.rightmove.co.uk/commercial-property-to-let/find.html?locationIdentifier=REGION%5E61297&radius=0.0&displayPropertyType=commercial&rent.x=RENT&search=To+Rent'},","{'city': 'Devon Buy', 'url': 'https://www.rightmove.co.uk/commercial-property-for-sale/find.html?locationIdentifier=REGION%5E61297&radius=0.0&displayPropertyType=commercial&rent.x=Sale&search=For+Sale'},"
,"{'city': 'Dorset', 'url': 'https://www.rightmove.co.uk/commercial-property-to-let/find.html?locationIdentifier=REGION%5E61298&radius=0.0&displayPropertyType=commercial&rent.x=RENT&search=To+Rent'},","{'city': 'Dorset Buy', 'url': 'https://www.rightmove.co.uk/commercial-property-for-sale/find.html?locationIdentifier=REGION%5E61298&radius=0.0&displayPropertyType=commercial&rent.x=Sale&search=For+Sale'},"
,"{'city': 'East Riding of Yorkshire', 'url': 'https://www.rightmove.co.uk/commercial-property-to-let/find.html?locationIdentifier=REGION%5E61444&radius=0.0&displayPropertyType=commercial&rent.x=RENT&search=To+Rent'},","{'city': 'East Riding of Yorkshire Buy', 'url': 'https://www.rightmove.co.uk/commercial-property-for-sale/find.html?locationIdentifier=REGION%5E61444&radius=0.0&displayPropertyType=commercial&rent.x=Sale&search=For+Sale'},"
,"{'city': 'East Sussex', 'url': 'https://www.rightmove.co.uk/commercial-property-to-let/find.html?locationIdentifier=REGION%5E61534&radius=0.0&displayPropertyType=commercial&rent.x=RENT&search=To+Rent'},","{'city': 'East Sussex Buy', 'url': 'https://www.rightmove.co.uk/commercial-property-for-sale/find.html?locationIdentifier=REGION%5E61534&radius=0.0&displayPropertyType=commercial&rent.x=Sale&search=For+Sale'},"
,"{'city': 'Essex', 'url': 'https://www.rightmove.co.uk/commercial-property-to-let/find.html?locationIdentifier=REGION%5E61299&radius=0.0&displayPropertyType=commercial&rent.x=RENT&search=To+Rent'},","{'city': 'Essex Buy', 'url': 'https://www.rightmove.co.uk/commercial-property-for-sale/find.html?locationIdentifier=REGION%5E61299&radius=0.0&displayPropertyType=commercial&rent.x=Sale&search=For+Sale'},"
,"{'city': 'Gloucestershire', 'url': 'https://www.rightmove.co.uk/commercial-property-to-let/find.html?locationIdentifier=REGION%5E61302&radius=0.0&displayPropertyType=commercial&rent.x=RENT&search=To+Rent'},","{'city': 'Gloucestershire Buy', 'url': 'https://www.rightmove.co.uk/commercial-property-for-sale/find.html?locationIdentifier=REGION%5E61302&radius=0.0&displayPropertyType=commercial&rent.x=Sale&search=For+Sale'},"
,,
,"{'city': 'Greater Manchester', 'url': 'https://www.rightmove.co.uk/commercial-property-to-let/find.html?locationIdentifier=REGION%5E79192&radius=0.0&displayPropertyType=commercial&rent.x=RENT&search=To+Rent'},","{'city': 'Greater Manchester Buy', 'url': 'https://www.rightmove.co.uk/commercial-property-for-sale/find.html?locationIdentifier=REGION%5E79192&radius=0.0&displayPropertyType=commercial&rent.x=Sale&search=For+Sale'},"
,"{'city': 'Hampshire', 'url': 'https://www.rightmove.co.uk/commercial-property-to-let/find.html?locationIdentifier=REGION%5E61303&radius=0.0&displayPropertyType=commercial&rent.x=RENT&search=To+Rent'},","{'city': 'Hampshire Buy', 'url': 'https://www.rightmove.co.uk/commercial-property-for-sale/find.html?locationIdentifier=REGION%5E61303&radius=0.0&displayPropertyType=commercial&rent.x=Sale&search=For+Sale'},"
,"{'city': 'Herefordshire', 'url': 'https://www.rightmove.co.uk/commercial-property-to-let/find.html?locationIdentifier=REGION%5E61304&radius=0.0&displayPropertyType=commercial&rent.x=RENT&search=To+Rent'},","{'city': 'Herefordshire Buy', 'url': 'https://www.rightmove.co.uk/commercial-property-for-sale/find.html?locationIdentifier=REGION%5E61304&radius=0.0&displayPropertyType=commercial&rent.x=Sale&search=For+Sale'},"
,"{'city': 'Hertfordshire', 'url': 'https://www.rightmove.co.uk/commercial-property-to-let/find.html?locationIdentifier=REGION%5E61305&radius=0.0&displayPropertyType=commercial&rent.x=RENT&search=To+Rent'},","{'city': 'Hertfordshire Buy', 'url': 'https://www.rightmove.co.uk/commercial-property-for-sale/find.html?locationIdentifier=REGION%5E61305&radius=0.0&displayPropertyType=commercial&rent.x=Sale&search=For+Sale'},"
,"{'city': 'Isle of Wight', 'url': 'https://www.rightmove.co.uk/commercial-property-to-let/find.html?locationIdentifier=REGION%5E61521&radius=0.0&displayPropertyType=commercial&rent.x=RENT&search=To+Rent'},","{'city': 'Isle of Wight Buy', 'url': 'https://www.rightmove.co.uk/commercial-property-for-sale/find.html?locationIdentifier=REGION%5E61521&radius=0.0&displayPropertyType=commercial&rent.x=Sale&search=For+Sale'},"
,"{'city': 'Kent', 'url': 'https://www.rightmove.co.uk/commercial-property-to-let/find.html?locationIdentifier=REGION%5E61307&radius=0.0&displayPropertyType=commercial&rent.x=RENT&search=To+Rent'},","{'city': 'Kent Buy', 'url': 'https://www.rightmove.co.uk/commercial-property-for-sale/find.html?locationIdentifier=REGION%5E61307&radius=0.0&displayPropertyType=commercial&rent.x=Sale&search=For+Sale'},"
,"{'city': 'Lancashire', 'url': 'https://www.rightmove.co.uk/commercial-property-to-let/find.html?locationIdentifier=REGION%5E61308&radius=0.0&displayPropertyType=commercial&rent.x=RENT&search=To+Rent'},","{'city': 'Lancashire Buy', 'url': 'https://www.rightmove.co.uk/commercial-property-for-sale/find.html?locationIdentifier=REGION%5E61308&radius=0.0&displayPropertyType=commercial&rent.x=Sale&search=For+Sale'},"
,"{'city': 'Leicestershire', 'url': 'https://www.rightmove.co.uk/commercial-property-to-let/find.html?locationIdentifier=REGION%5E61309&radius=0.0&displayPropertyType=commercial&rent.x=RENT&search=To+Rent'},","{'city': 'Leicestershire Buy', 'url': 'https://www.rightmove.co.uk/commercial-property-for-sale/find.html?locationIdentifier=REGION%5E61309&radius=0.0&displayPropertyType=commercial&rent.x=Sale&search=For+Sale'},"
,"{'city': 'Lincolnshire', 'url': 'https://www.rightmove.co.uk/commercial-property-to-let/find.html?locationIdentifier=REGION%5E61310&radius=0.0&displayPropertyType=commercial&rent.x=RENT&search=To+Rent'},","{'city': 'Lincolnshire Buy', 'url': 'https://www.rightmove.co.uk/commercial-property-for-sale/find.html?locationIdentifier=REGION%5E61310&radius=0.0&displayPropertyType=commercial&rent.x=Sale&search=For+Sale'},"
,"{'city': 'Merseyside', 'url': 'https://www.rightmove.co.uk/commercial-property-to-let/find.html?locationIdentifier=REGION%5E61196&radius=0.0&displayPropertyType=commercial&rent.x=RENT&search=To+Rent'},","{'city': 'Merseyside Buy', 'url': 'https://www.rightmove.co.uk/commercial-property-for-sale/find.html?locationIdentifier=REGION%5E61196&radius=0.0&displayPropertyType=commercial&rent.x=Sale&search=For+Sale'},"
,"{'city': 'Norfolk', 'url': 'https://www.rightmove.co.uk/commercial-property-to-let/find.html?locationIdentifier=REGION%5E61314&radius=0.0&displayPropertyType=commercial&rent.x=RENT&search=To+Rent'},","{'city': 'Norfolk Buy', 'url': 'https://www.rightmove.co.uk/commercial-property-for-sale/find.html?locationIdentifier=REGION%5E61314&radius=0.0&displayPropertyType=commercial&rent.x=Sale&search=For+Sale'},"
,"{'city': 'North Somerset', 'url': 'https://www.rightmove.co.uk/commercial-property-to-let/find.html?locationIdentifier=REGION%5E61246&radius=0.0&displayPropertyType=commercial&rent.x=RENT&search=To+Rent'},","{'city': 'North Somerset Buy', 'url': 'https://www.rightmove.co.uk/commercial-property-for-sale/find.html?locationIdentifier=REGION%5E61246&radius=0.0&displayPropertyType=commercial&rent.x=Sale&search=For+Sale'},"
,"{'city': 'North Yorkshire', 'url': 'https://www.rightmove.co.uk/commercial-property-to-let/find.html?locationIdentifier=REGION%5E61394&radius=0.0&displayPropertyType=commercial&rent.x=RENT&search=To+Rent'},","{'city': 'North Yorkshire Buy', 'url': 'https://www.rightmove.co.uk/commercial-property-for-sale/find.html?locationIdentifier=REGION%5E61394&radius=0.0&displayPropertyType=commercial&rent.x=Sale&search=For+Sale'},"
,"{'city': 'Northamptonshire', 'url': 'https://www.rightmove.co.uk/commercial-property-to-let/find.html?locationIdentifier=REGION%5E61315&radius=0.0&displayPropertyType=commercial&rent.x=RENT&search=To+Rent'},","{'city': 'Northamptonshire Buy', 'url': 'https://www.rightmove.co.uk/commercial-property-for-sale/find.html?locationIdentifier=REGION%5E61315&radius=0.0&displayPropertyType=commercial&rent.x=Sale&search=For+Sale'},"
,"{'city': 'Northumberland', 'url': 'https://www.rightmove.co.uk/commercial-property-to-let/find.html?locationIdentifier=REGION%5E61333&radius=0.0&displayPropertyType=commercial&rent.x=RENT&search=To+Rent'},","{'city': 'Northumberland Buy', 'url': 'https://www.rightmove.co.uk/commercial-property-for-sale/find.html?locationIdentifier=REGION%5E61333&radius=0.0&displayPropertyType=commercial&rent.x=Sale&search=For+Sale'},"
,"{'city': 'Nottinghamshire', 'url': 'https://www.rightmove.co.uk/commercial-property-to-let/find.html?locationIdentifier=REGION%5E61316&radius=0.0&displayPropertyType=commercial&rent.x=RENT&search=To+Rent'},","{'city': 'Nottinghamshire Buy', 'url': 'https://www.rightmove.co.uk/commercial-property-for-sale/find.html?locationIdentifier=REGION%5E61316&radius=0.0&displayPropertyType=commercial&rent.x=Sale&search=For+Sale'},"
,"{'city': 'Oxfordshire', 'url': 'https://www.rightmove.co.uk/commercial-property-to-let/find.html?locationIdentifier=REGION%5E61317&radius=0.0&displayPropertyType=commercial&rent.x=RENT&search=To+Rent'},","{'city': 'Oxfordshire Buy', 'url': 'https://www.rightmove.co.uk/commercial-property-for-sale/find.html?locationIdentifier=REGION%5E61317&radius=0.0&displayPropertyType=commercial&rent.x=Sale&search=For+Sale'},"
,"{'city': 'Rutland', 'url': 'https://www.rightmove.co.uk/commercial-property-to-let/find.html?locationIdentifier=REGION%5E61320&radius=0.0&displayPropertyType=commercial&rent.x=RENT&search=To+Rent'},","{'city': 'Rutland Buy', 'url': 'https://www.rightmove.co.uk/commercial-property-for-sale/find.html?locationIdentifier=REGION%5E61320&radius=0.0&displayPropertyType=commercial&rent.x=Sale&search=For+Sale'},"
,"{'city': 'Shropshire', 'url': 'https://www.rightmove.co.uk/commercial-property-to-let/find.html?locationIdentifier=REGION%5E61321&radius=0.0&displayPropertyType=commercial&rent.x=RENT&search=To+Rent'},","{'city': 'Shropshire Buy', 'url': 'https://www.rightmove.co.uk/commercial-property-for-sale/find.html?locationIdentifier=REGION%5E61321&radius=0.0&displayPropertyType=commercial&rent.x=Sale&search=For+Sale'},"
,"{'city': 'Somerset', 'url': 'https://www.rightmove.co.uk/commercial-property-to-let/find.html?locationIdentifier=REGION%5E61322&radius=0.0&displayPropertyType=commercial&rent.x=RENT&search=To+Rent'},","{'city': 'Somerset Buy', 'url': 'https://www.rightmove.co.uk/commercial-property-for-sale/find.html?locationIdentifier=REGION%5E61322&radius=0.0&displayPropertyType=commercial&rent.x=Sale&search=For+Sale'},"
,"{'city': 'South Gloucestershire', 'url': 'https://www.rightmove.co.uk/commercial-property-to-let/find.html?locationIdentifier=REGION%5E61522&radius=0.0&displayPropertyType=commercial&rent.x=RENT&search=To+Rent'},","{'city': 'South Gloucestershire Buy', 'url': 'https://www.rightmove.co.uk/commercial-property-for-sale/find.html?locationIdentifier=REGION%5E61522&radius=0.0&displayPropertyType=commercial&rent.x=Sale&search=For+Sale'},"
,"{'city': 'South Yorkshire', 'url': 'https://www.rightmove.co.uk/commercial-property-to-let/find.html?locationIdentifier=REGION%5E61513&radius=0.0&displayPropertyType=commercial&rent.x=RENT&search=To+Rent'},","{'city': 'South Yorkshire Buy', 'url': 'https://www.rightmove.co.uk/commercial-property-for-sale/find.html?locationIdentifier=REGION%5E61513&radius=0.0&displayPropertyType=commercial&rent.x=Sale&search=For+Sale'},"
,"{'city': 'Staffordshire', 'url': 'https://www.rightmove.co.uk/commercial-property-to-let/find.html?locationIdentifier=REGION%5E61323&radius=0.0&displayPropertyType=commercial&rent.x=RENT&search=To+Rent'},","{'city': 'Staffordshire Buy', 'url': 'https://www.rightmove.co.uk/commercial-property-for-sale/find.html?locationIdentifier=REGION%5E61323&radius=0.0&displayPropertyType=commercial&rent.x=Sale&search=For+Sale'},"
,"{'city': 'Suffolk', 'url': 'https://www.rightmove.co.uk/commercial-property-to-let/find.html?locationIdentifier=REGION%5E61330&radius=0.0&displayPropertyType=commercial&rent.x=RENT&search=To+Rent'},","{'city': 'Suffolk Buy', 'url': 'https://www.rightmove.co.uk/commercial-property-for-sale/find.html?locationIdentifier=REGION%5E61330&radius=0.0&displayPropertyType=commercial&rent.x=Sale&search=For+Sale'},"
,"{'city': 'Surrey', 'url': 'https://www.rightmove.co.uk/commercial-property-to-let/find.html?locationIdentifier=REGION%5E61324&radius=0.0&displayPropertyType=commercial&rent.x=RENT&search=To+Rent'},","{'city': 'Surrey Buy', 'url': 'https://www.rightmove.co.uk/commercial-property-for-sale/find.html?locationIdentifier=REGION%5E61324&radius=0.0&displayPropertyType=commercial&rent.x=Sale&search=For+Sale'},"
,,
,"{'city': 'Warwickshire', 'url': 'https://www.rightmove.co.uk/commercial-property-to-let/find.html?locationIdentifier=REGION%5E61327&radius=0.0&displayPropertyType=commercial&rent.x=RENT&search=To+Rent'},","{'city': 'Warwickshire Buy', 'url': 'https://www.rightmove.co.uk/commercial-property-for-sale/find.html?locationIdentifier=REGION%5E61327&radius=0.0&displayPropertyType=commercial&rent.x=Sale&search=For+Sale'},"
,"{'city': 'West Midlands', 'url': 'https://www.rightmove.co.uk/commercial-property-to-let/find.html?locationIdentifier=REGION%5E61378&radius=0.0&displayPropertyType=commercial&rent.x=RENT&search=To+Rent'},","{'city': 'West Midlands Buy', 'url': 'https://www.rightmove.co.uk/commercial-property-for-sale/find.html?locationIdentifier=REGION%5E61378&radius=0.0&displayPropertyType=commercial&rent.x=Sale&search=For+Sale'},"
,"{'city': 'West Sussex', 'url': 'https://www.rightmove.co.uk/commercial-property-to-let/find.html?locationIdentifier=REGION%5E61399&radius=0.0&displayPropertyType=commercial&rent.x=RENT&search=To+Rent'},","{'city': 'West Sussex Buy', 'url': 'https://www.rightmove.co.uk/commercial-property-for-sale/find.html?locationIdentifier=REGION%5E61399&radius=0.0&displayPropertyType=commercial&rent.x=Sale&search=For+Sale'},"
,"{'city': 'West Yorkshire', 'url': 'https://www.rightmove.co.uk/commercial-property-to-let/find.html?locationIdentifier=REGION%5E61379&radius=0.0&displayPropertyType=commercial&rent.x=RENT&search=To+Rent'},","{'city': 'West Yorkshire Buy', 'url': 'https://www.rightmove.co.uk/commercial-property-for-sale/find.html?locationIdentifier=REGION%5E61379&radius=0.0&displayPropertyType=commercial&rent.x=Sale&search=For+Sale'},"
,"{'city': 'Wiltshire', 'url': 'https://www.rightmove.co.uk/commercial-property-to-let/find.html?locationIdentifier=REGION%5E61328&radius=0.0&displayPropertyType=commercial&rent.x=RENT&search=To+Rent'},","{'city': 'Wiltshire Buy', 'url': 'https://www.rightmove.co.uk/commercial-property-for-sale/find.html?locationIdentifier=REGION%5E61328&radius=0.0&displayPropertyType=commercial&rent.x=Sale&search=For+Sale'},"
,"{'city': 'Worcestershire', 'url': 'https://www.rightmove.co.uk/commercial-property-to-let/find.html?locationIdentifier=REGION%5E61329&radius=0.0&displayPropertyType=commercial&rent.x=RENT&search=To+Rent'},","{'city': 'Worcestershire Buy', 'url': 'https://www.rightmove.co.uk/commercial-property-for-sale/find.html?locationIdentifier=REGION%5E61329&radius=0.0&displayPropertyType=commercial&rent.x=Sale&search=For+Sale'},"
,"{'city': 'Aberdeenshire', 'url': 'https://www.rightmove.co.uk/commercial-property-to-let/find.html?locationIdentifier=REGION%5E61335&radius=0.0&displayPropertyType=commercial&rent.x=RENT&search=To+Rent'},","{'city': 'Aberdeenshire Buy', 'url': 'https://www.rightmove.co.uk/commercial-property-for-sale/find.html?locationIdentifier=REGION%5E61335&radius=0.0&displayPropertyType=commercial&rent.x=Sale&search=For+Sale'},"
,"{'city': 'Angus', 'url': 'https://www.rightmove.co.uk/commercial-property-to-let/find.html?locationIdentifier=REGION%5E61336&radius=0.0&displayPropertyType=commercial&rent.x=RENT&search=To+Rent'},","{'city': 'Angus Buy', 'url': 'https://www.rightmove.co.uk/commercial-property-for-sale/find.html?locationIdentifier=REGION%5E61336&radius=0.0&displayPropertyType=commercial&rent.x=Sale&search=For+Sale'},"
,"{'city': 'Argyll & Bute', 'url': 'https://www.rightmove.co.uk/commercial-property-to-let/find.html?locationIdentifier=REGION%5E95769&radius=0.0&displayPropertyType=commercial&rent.x=RENT&search=To+Rent'},","{'city': 'Argyll & Bute Buy', 'url': 'https://www.rightmove.co.uk/commercial-property-for-sale/find.html?locationIdentifier=REGION%5E95769&radius=0.0&displayPropertyType=commercial&rent.x=Sale&search=For+Sale'},"
,"{'city': 'Ayrshire', 'url': 'https://www.rightmove.co.uk/commercial-property-to-let/find.html?locationIdentifier=REGION%5E61338&radius=0.0&displayPropertyType=commercial&rent.x=RENT&search=To+Rent'},","{'city': 'Ayrshire Buy', 'url': 'https://www.rightmove.co.uk/commercial-property-for-sale/find.html?locationIdentifier=REGION%5E61338&radius=0.0&displayPropertyType=commercial&rent.x=Sale&search=For+Sale'},"
,"{'city': 'Banffshire', 'url': 'https://www.rightmove.co.uk/commercial-property-to-let/find.html?locationIdentifier=REGION%5E61339&radius=0.0&displayPropertyType=commercial&rent.x=RENT&search=To+Rent'},","{'city': 'Banffshire Buy', 'url': 'https://www.rightmove.co.uk/commercial-property-for-sale/find.html?locationIdentifier=REGION%5E61339&radius=0.0&displayPropertyType=commercial&rent.x=Sale&search=For+Sale'},"
,"{'city': 'Berwickshire', 'url': 'https://www.rightmove.co.uk/commercial-property-to-let/find.html?locationIdentifier=REGION%5E61340&radius=0.0&displayPropertyType=commercial&rent.x=RENT&search=To+Rent'},","{'city': 'Berwickshire Buy', 'url': 'https://www.rightmove.co.uk/commercial-property-for-sale/find.html?locationIdentifier=REGION%5E61340&radius=0.0&displayPropertyType=commercial&rent.x=Sale&search=For+Sale'},"
,"{'city': 'Borders', 'url': 'https://www.rightmove.co.uk/commercial-property-to-let/find.html?locationIdentifier=REGION%5E61256&radius=0.0&displayPropertyType=commercial&rent.x=RENT&search=To+Rent'},","{'city': 'Borders Buy', 'url': 'https://www.rightmove.co.uk/commercial-property-for-sale/find.html?locationIdentifier=REGION%5E61256&radius=0.0&displayPropertyType=commercial&rent.x=Sale&search=For+Sale'},"
,"{'city': 'Caithness', 'url': 'https://www.rightmove.co.uk/commercial-property-to-let/find.html?locationIdentifier=REGION%5E61341&radius=0.0&displayPropertyType=commercial&rent.x=RENT&search=To+Rent'},","{'city': 'Caithness Buy', 'url': 'https://www.rightmove.co.uk/commercial-property-for-sale/find.html?locationIdentifier=REGION%5E61341&radius=0.0&displayPropertyType=commercial&rent.x=Sale&search=For+Sale'},"
,"{'city': 'Clackmannanshire', 'url': 'https://www.rightmove.co.uk/commercial-property-to-let/find.html?locationIdentifier=REGION%5E61342&radius=0.0&displayPropertyType=commercial&rent.x=RENT&search=To+Rent'},","{'city': 'Clackmannanshire Buy', 'url': 'https://www.rightmove.co.uk/commercial-property-for-sale/find.html?locationIdentifier=REGION%5E61342&radius=0.0&displayPropertyType=commercial&rent.x=Sale&search=For+Sale'},"
,"{'city': 'Dumfries & Galloway', 'url': 'https://www.rightmove.co.uk/commercial-property-to-let/find.html?locationIdentifier=REGION%5E95754&radius=0.0&displayPropertyType=commercial&rent.x=RENT&search=To+Rent'},","{'city': 'Dumfries & Galloway Buy', 'url': 'https://www.rightmove.co.uk/commercial-property-for-sale/find.html?locationIdentifier=REGION%5E95754&radius=0.0&displayPropertyType=commercial&rent.x=Sale&search=For+Sale'},"
,"{'city': 'Dunbartonshire', 'url': 'https://www.rightmove.co.uk/commercial-property-to-let/find.html?locationIdentifier=REGION%5E61345&radius=0.0&displayPropertyType=commercial&rent.x=RENT&search=To+Rent'},","{'city': 'Dunbartonshire Buy', 'url': 'https://www.rightmove.co.uk/commercial-property-for-sale/find.html?locationIdentifier=REGION%5E61345&radius=0.0&displayPropertyType=commercial&rent.x=Sale&search=For+Sale'},"
,"{'city': 'East Ayrshire', 'url': 'https://www.rightmove.co.uk/commercial-property-to-let/find.html?locationIdentifier=REGION%5E61462&radius=0.0&displayPropertyType=commercial&rent.x=RENT&search=To+Rent'},","{'city': 'East Ayrshire Buy', 'url': 'https://www.rightmove.co.uk/commercial-property-for-sale/find.html?locationIdentifier=REGION%5E61462&radius=0.0&displayPropertyType=commercial&rent.x=Sale&search=For+Sale'},"
,"{'city': 'East Dunbartonshire', 'url': 'https://www.rightmove.co.uk/commercial-property-to-let/find.html?locationIdentifier=REGION%5E61463&radius=0.0&displayPropertyType=commercial&rent.x=RENT&search=To+Rent'},","{'city': 'East Dunbartonshire Buy', 'url': 'https://www.rightmove.co.uk/commercial-property-for-sale/find.html?locationIdentifier=REGION%5E61463&radius=0.0&displayPropertyType=commercial&rent.x=Sale&search=For+Sale'},"
,"{'city': 'East Lothian', 'url': 'https://www.rightmove.co.uk/commercial-property-to-let/find.html?locationIdentifier=REGION%5E61346&radius=0.0&displayPropertyType=commercial&rent.x=RENT&search=To+Rent'},","{'city': 'East Lothian Buy', 'url': 'https://www.rightmove.co.uk/commercial-property-for-sale/find.html?locationIdentifier=REGION%5E61346&radius=0.0&displayPropertyType=commercial&rent.x=Sale&search=For+Sale'},"
,"{'city': 'East Renfrewshire', 'url': 'https://www.rightmove.co.uk/commercial-property-to-let/find.html?locationIdentifier=REGION%5E61259&radius=0.0&displayPropertyType=commercial&rent.x=RENT&search=To+Rent'},","{'city': 'East Renfrewshire Buy', 'url': 'https://www.rightmove.co.uk/commercial-property-for-sale/find.html?locationIdentifier=REGION%5E61259&radius=0.0&displayPropertyType=commercial&rent.x=Sale&search=For+Sale'},"
,"{'city': 'Fife', 'url': 'https://www.rightmove.co.uk/commercial-property-to-let/find.html?locationIdentifier=REGION%5E61347&radius=0.0&displayPropertyType=commercial&rent.x=RENT&search=To+Rent'},","{'city': 'Fife Buy', 'url': 'https://www.rightmove.co.uk/commercial-property-for-sale/find.html?locationIdentifier=REGION%5E61347&radius=0.0&displayPropertyType=commercial&rent.x=Sale&search=For+Sale'},"
,"{'city': 'Highland', 'url': 'https://www.rightmove.co.uk/commercial-property-to-let/find.html?locationIdentifier=REGION%5E61261&radius=0.0&displayPropertyType=commercial&rent.x=RENT&search=To+Rent'},","{'city': 'Highland Buy', 'url': 'https://www.rightmove.co.uk/commercial-property-for-sale/find.html?locationIdentifier=REGION%5E61261&radius=0.0&displayPropertyType=commercial&rent.x=Sale&search=For+Sale'},"
,"{'city': 'Inverclyde', 'url': 'https://www.rightmove.co.uk/commercial-property-to-let/find.html?locationIdentifier=REGION%5E61556&radius=0.0&displayPropertyType=commercial&rent.x=RENT&search=To+Rent'},","{'city': 'Inverclyde Buy', 'url': 'https://www.rightmove.co.uk/commercial-property-for-sale/find.html?locationIdentifier=REGION%5E61556&radius=0.0&displayPropertyType=commercial&rent.x=Sale&search=For+Sale'},"
,"{'city': 'Kincardineshire', 'url': 'https://www.rightmove.co.uk/commercial-property-to-let/find.html?locationIdentifier=REGION%5E61349&radius=0.0&displayPropertyType=commercial&rent.x=RENT&search=To+Rent'},","{'city': 'Kincardineshire Buy', 'url': 'https://www.rightmove.co.uk/commercial-property-for-sale/find.html?locationIdentifier=REGION%5E61349&radius=0.0&displayPropertyType=commercial&rent.x=Sale&search=For+Sale'},"
,"{'city': 'Midlothian', 'url': 'https://www.rightmove.co.uk/commercial-property-to-let/find.html?locationIdentifier=REGION%5E61353&radius=0.0&displayPropertyType=commercial&rent.x=RENT&search=To+Rent'},","{'city': 'Midlothian Buy', 'url': 'https://www.rightmove.co.uk/commercial-property-for-sale/find.html?locationIdentifier=REGION%5E61353&radius=0.0&displayPropertyType=commercial&rent.x=Sale&search=For+Sale'},"
,"{'city': 'Moray', 'url': 'https://www.rightmove.co.uk/commercial-property-to-let/find.html?locationIdentifier=REGION%5E61262&radius=0.0&displayPropertyType=commercial&rent.x=RENT&search=To+Rent'},","{'city': 'Moray Buy', 'url': 'https://www.rightmove.co.uk/commercial-property-for-sale/find.html?locationIdentifier=REGION%5E61262&radius=0.0&displayPropertyType=commercial&rent.x=Sale&search=For+Sale'},"
,"{'city': 'North Ayrshire', 'url': 'https://www.rightmove.co.uk/commercial-property-to-let/find.html?locationIdentifier=REGION%5E61467&radius=0.0&displayPropertyType=commercial&rent.x=RENT&search=To+Rent'},","{'city': 'North Ayrshire Buy', 'url': 'https://www.rightmove.co.uk/commercial-property-for-sale/find.html?locationIdentifier=REGION%5E61467&radius=0.0&displayPropertyType=commercial&rent.x=Sale&search=For+Sale'},"
,"{'city': 'North Lanarkshire', 'url': 'https://www.rightmove.co.uk/commercial-property-to-let/find.html?locationIdentifier=REGION%5E61263&radius=0.0&displayPropertyType=commercial&rent.x=RENT&search=To+Rent'},","{'city': 'North Lanarkshire Buy', 'url': 'https://www.rightmove.co.uk/commercial-property-for-sale/find.html?locationIdentifier=REGION%5E61263&radius=0.0&displayPropertyType=commercial&rent.x=Sale&search=For+Sale'},"
,"{'city': 'Orkney', 'url': 'https://www.rightmove.co.uk/commercial-property-to-let/find.html?locationIdentifier=REGION%5E61355&radius=0.0&displayPropertyType=commercial&rent.x=RENT&search=To+Rent'},","{'city': 'Orkney Buy', 'url': 'https://www.rightmove.co.uk/commercial-property-for-sale/find.html?locationIdentifier=REGION%5E61355&radius=0.0&displayPropertyType=commercial&rent.x=Sale&search=For+Sale'},"
,"{'city': 'Perth & KInross', 'url': 'https://www.rightmove.co.uk/commercial-property-to-let/find.html?locationIdentifier=REGION%5E95751&radius=0.0&displayPropertyType=commercial&rent.x=RENT&search=To+Rent'},","{'city': 'Perth & KInross Buy', 'url': 'https://www.rightmove.co.uk/commercial-property-for-sale/find.html?locationIdentifier=REGION%5E95751&radius=0.0&displayPropertyType=commercial&rent.x=Sale&search=For+Sale'},"
,"{'city': 'Renfrewshire', 'url': 'https://www.rightmove.co.uk/commercial-property-to-let/find.html?locationIdentifier=REGION%5E61358&radius=0.0&displayPropertyType=commercial&rent.x=RENT&search=To+Rent'},","{'city': 'Renfrewshire Buy', 'url': 'https://www.rightmove.co.uk/commercial-property-for-sale/find.html?locationIdentifier=REGION%5E61358&radius=0.0&displayPropertyType=commercial&rent.x=Sale&search=For+Sale'},"
,"{'city': 'Shetland', 'url': 'https://www.rightmove.co.uk/commercial-property-to-let/find.html?locationIdentifier=REGION%5E61362&radius=0.0&displayPropertyType=commercial&rent.x=RENT&search=To+Rent'},","{'city': 'Shetland Buy', 'url': 'https://www.rightmove.co.uk/commercial-property-for-sale/find.html?locationIdentifier=REGION%5E61362&radius=0.0&displayPropertyType=commercial&rent.x=Sale&search=For+Sale'},"
,"{'city': 'South Ayrshire', 'url': 'https://www.rightmove.co.uk/commercial-property-to-let/find.html?locationIdentifier=REGION%5E61470&radius=0.0&displayPropertyType=commercial&rent.x=RENT&search=To+Rent'},","{'city': 'South Ayrshire Buy', 'url': 'https://www.rightmove.co.uk/commercial-property-for-sale/find.html?locationIdentifier=REGION%5E61470&radius=0.0&displayPropertyType=commercial&rent.x=Sale&search=For+Sale'},"
,"{'city': 'South Lanarkshire', 'url': 'https://www.rightmove.co.uk/commercial-property-to-let/find.html?locationIdentifier=REGION%5E61265&radius=0.0&displayPropertyType=commercial&rent.x=RENT&search=To+Rent'},","{'city': 'South Lanarkshire Buy', 'url': 'https://www.rightmove.co.uk/commercial-property-for-sale/find.html?locationIdentifier=REGION%5E61265&radius=0.0&displayPropertyType=commercial&rent.x=Sale&search=For+Sale'},"
,"{'city': 'Stirlingshire', 'url': 'https://www.rightmove.co.uk/commercial-property-to-let/find.html?locationIdentifier=REGION%5E61363&radius=0.0&displayPropertyType=commercial&rent.x=RENT&search=To+Rent'},","{'city': 'Stirlingshire Buy', 'url': 'https://www.rightmove.co.uk/commercial-property-for-sale/find.html?locationIdentifier=REGION%5E61363&radius=0.0&displayPropertyType=commercial&rent.x=Sale&search=For+Sale'},"
,"{'city': 'West Dunbartonshire', 'url': 'https://www.rightmove.co.uk/commercial-property-to-let/find.html?locationIdentifier=REGION%5E61527&radius=0.0&displayPropertyType=commercial&rent.x=RENT&search=To+Rent'},","{'city': 'West Dunbartonshire Buy', 'url': 'https://www.rightmove.co.uk/commercial-property-for-sale/find.html?locationIdentifier=REGION%5E61527&radius=0.0&displayPropertyType=commercial&rent.x=Sale&search=For+Sale'},"
,"{'city': 'West Lothian', 'url': 'https://www.rightmove.co.uk/commercial-property-to-let/find.html?locationIdentifier=REGION%5E61365&radius=0.0&displayPropertyType=commercial&rent.x=RENT&search=To+Rent'},","{'city': 'West Lothian Buy', 'url': 'https://www.rightmove.co.uk/commercial-property-for-sale/find.html?locationIdentifier=REGION%5E61365&radius=0.0&displayPropertyType=commercial&rent.x=Sale&search=For+Sale'},"
,"{'city': 'Western Isles', 'url': 'https://www.rightmove.co.uk/commercial-property-to-let/find.html?locationIdentifier=REGION%5E95766&radius=0.0&displayPropertyType=commercial&rent.x=RENT&search=To+Rent'},","{'city': 'Western Isles Buy', 'url': 'https://www.rightmove.co.uk/commercial-property-for-sale/find.html?locationIdentifier=REGION%5E95766&radius=0.0&displayPropertyType=commercial&rent.x=Sale&search=For+Sale'},"
,"{'city': 'Blaenau Gwent', 'url': 'https://www.rightmove.co.uk/commercial-property-to-let/find.html?locationIdentifier=REGION%5E61249&radius=0.0&displayPropertyType=commercial&rent.x=RENT&search=To+Rent'},","{'city': 'Blaenau Gwent Buy', 'url': 'https://www.rightmove.co.uk/commercial-property-for-sale/find.html?locationIdentifier=REGION%5E61249&radius=0.0&displayPropertyType=commercial&rent.x=Sale&search=For+Sale'},"
,"{'city': 'Bridgend', 'url': 'https://www.rightmove.co.uk/commercial-property-to-let/find.html?locationIdentifier=REGION%5E61250&radius=0.0&displayPropertyType=commercial&rent.x=RENT&search=To+Rent'},","{'city': 'Bridgend Buy', 'url': 'https://www.rightmove.co.uk/commercial-property-for-sale/find.html?locationIdentifier=REGION%5E61250&radius=0.0&displayPropertyType=commercial&rent.x=Sale&search=For+Sale'},"
,"{'city': 'Caerphilly', 'url': 'https://www.rightmove.co.uk/commercial-property-to-let/find.html?locationIdentifier=REGION%5E93473&radius=0.0&displayPropertyType=commercial&rent.x=RENT&search=To+Rent'},","{'city': 'Caerphilly Buy', 'url': 'https://www.rightmove.co.uk/commercial-property-for-sale/find.html?locationIdentifier=REGION%5E93473&radius=0.0&displayPropertyType=commercial&rent.x=Sale&search=For+Sale'},"
,"{'city': 'Cardiff', 'url': 'https://www.rightmove.co.uk/commercial-property-to-let/find.html?locationIdentifier=REGION%5E93482&radius=0.0&displayPropertyType=commercial&rent.x=RENT&search=To+Rent'},","{'city': 'Cardiff Buy', 'url': 'https://www.rightmove.co.uk/commercial-property-for-sale/find.html?locationIdentifier=REGION%5E93482&radius=0.0&displayPropertyType=commercial&rent.x=Sale&search=For+Sale'},"
,"{'city': 'Carmarthenshire', 'url': 'https://www.rightmove.co.uk/commercial-property-to-let/find.html?locationIdentifier=REGION%5E61292&radius=0.0&displayPropertyType=commercial&rent.x=RENT&search=To+Rent'},","{'city': 'Carmarthenshire Buy', 'url': 'https://www.rightmove.co.uk/commercial-property-for-sale/find.html?locationIdentifier=REGION%5E61292&radius=0.0&displayPropertyType=commercial&rent.x=Sale&search=For+Sale'},"
,"{'city': 'Ceredigion', 'url': 'https://www.rightmove.co.uk/commercial-property-to-let/find.html?locationIdentifier=REGION%5E93470&radius=0.0&displayPropertyType=commercial&rent.x=RENT&search=To+Rent'},","{'city': 'Ceredigion Buy', 'url': 'https://www.rightmove.co.uk/commercial-property-for-sale/find.html?locationIdentifier=REGION%5E93470&radius=0.0&displayPropertyType=commercial&rent.x=Sale&search=For+Sale'},"
,"{'city': 'Conwy', 'url': 'https://www.rightmove.co.uk/commercial-property-to-let/find.html?locationIdentifier=REGION%5E91980&radius=0.0&displayPropertyType=commercial&rent.x=RENT&search=To+Rent'},","{'city': 'Conwy Buy', 'url': 'https://www.rightmove.co.uk/commercial-property-for-sale/find.html?locationIdentifier=REGION%5E91980&radius=0.0&displayPropertyType=commercial&rent.x=Sale&search=For+Sale'},"
,"{'city': 'Denbighshire', 'url': 'https://www.rightmove.co.uk/commercial-property-to-let/find.html?locationIdentifier=REGION%5E61295&radius=0.0&displayPropertyType=commercial&rent.x=RENT&search=To+Rent'},","{'city': 'Denbighshire Buy', 'url': 'https://www.rightmove.co.uk/commercial-property-for-sale/find.html?locationIdentifier=REGION%5E61295&radius=0.0&displayPropertyType=commercial&rent.x=Sale&search=For+Sale'},"
,"{'city': 'Flintshire', 'url': 'https://www.rightmove.co.uk/commercial-property-to-let/find.html?locationIdentifier=REGION%5E61300&radius=0.0&displayPropertyType=commercial&rent.x=RENT&search=To+Rent'},","{'city': 'Flintshire Buy', 'url': 'https://www.rightmove.co.uk/commercial-property-for-sale/find.html?locationIdentifier=REGION%5E61300&radius=0.0&displayPropertyType=commercial&rent.x=Sale&search=For+Sale'},"
,"{'city': 'Gwynedd', 'url': 'https://www.rightmove.co.uk/commercial-property-to-let/find.html?locationIdentifier=REGION%5E61523&radius=0.0&displayPropertyType=commercial&rent.x=RENT&search=To+Rent'},","{'city': 'Gwynedd Buy', 'url': 'https://www.rightmove.co.uk/commercial-property-for-sale/find.html?locationIdentifier=REGION%5E61523&radius=0.0&displayPropertyType=commercial&rent.x=Sale&search=For+Sale'},"
,"{'city': 'Isle of Anglesey', 'url': 'https://www.rightmove.co.uk/commercial-property-to-let/find.html?locationIdentifier=REGION%5E61553&radius=0.0&displayPropertyType=commercial&rent.x=RENT&search=To+Rent'},","{'city': 'Isle of Anglesey Buy', 'url': 'https://www.rightmove.co.uk/commercial-property-for-sale/find.html?locationIdentifier=REGION%5E61553&radius=0.0&displayPropertyType=commercial&rent.x=Sale&search=For+Sale'},"
,"{'city': 'Merthyr Tydfil', 'url': 'https://www.rightmove.co.uk/commercial-property-to-let/find.html?locationIdentifier=REGION%5E93479&radius=0.0&displayPropertyType=commercial&rent.x=RENT&search=To+Rent'},","{'city': 'Merthyr Tydfil Buy', 'url': 'https://www.rightmove.co.uk/commercial-property-for-sale/find.html?locationIdentifier=REGION%5E93479&radius=0.0&displayPropertyType=commercial&rent.x=Sale&search=For+Sale'},"
,"{'city': 'Monmouthshire', 'url': 'https://www.rightmove.co.uk/commercial-property-to-let/find.html?locationIdentifier=REGION%5E61312&radius=0.0&displayPropertyType=commercial&rent.x=RENT&search=To+Rent'},","{'city': 'Monmouthshire Buy', 'url': 'https://www.rightmove.co.uk/commercial-property-for-sale/find.html?locationIdentifier=REGION%5E61312&radius=0.0&displayPropertyType=commercial&rent.x=Sale&search=For+Sale'},"
,"{'city': 'Neath Port Talbot', 'url': 'https://www.rightmove.co.uk/commercial-property-to-let/find.html?locationIdentifier=REGION%5E61453&radius=0.0&displayPropertyType=commercial&rent.x=RENT&search=To+Rent'},","{'city': 'Neath Port Talbot Buy', 'url': 'https://www.rightmove.co.uk/commercial-property-for-sale/find.html?locationIdentifier=REGION%5E61453&radius=0.0&displayPropertyType=commercial&rent.x=Sale&search=For+Sale'},"
,"{'city': 'Newport', 'url': 'https://www.rightmove.co.uk/commercial-property-to-let/find.html?locationIdentifier=REGION%5E991&radius=0.0&displayPropertyType=commercial&rent.x=RENT&search=To+Rent'},","{'city': 'Newport Buy', 'url': 'https://www.rightmove.co.uk/commercial-property-for-sale/find.html?locationIdentifier=REGION%5E991&radius=0.0&displayPropertyType=commercial&rent.x=Sale&search=For+Sale'},"
,"{'city': 'Pembrokeshire', 'url': 'https://www.rightmove.co.uk/commercial-property-to-let/find.html?locationIdentifier=REGION%5E61318&radius=0.0&displayPropertyType=commercial&rent.x=RENT&search=To+Rent'},","{'city': 'Pembrokeshire Buy', 'url': 'https://www.rightmove.co.uk/commercial-property-for-sale/find.html?locationIdentifier=REGION%5E61318&radius=0.0&displayPropertyType=commercial&rent.x=Sale&search=For+Sale'},"
,"{'city': 'Powys', 'url': 'https://www.rightmove.co.uk/commercial-property-to-let/find.html?locationIdentifier=REGION%5E61454&radius=0.0&displayPropertyType=commercial&rent.x=RENT&search=To+Rent'},","{'city': 'Powys Buy', 'url': 'https://www.rightmove.co.uk/commercial-property-for-sale/find.html?locationIdentifier=REGION%5E61454&radius=0.0&displayPropertyType=commercial&rent.x=Sale&search=For+Sale'},"
,"{'city': 'Rhondda Cynon Taff', 'url': 'https://www.rightmove.co.uk/commercial-property-to-let/find.html?locationIdentifier=REGION%5E61254&radius=0.0&displayPropertyType=commercial&rent.x=RENT&search=To+Rent'},","{'city': 'Rhondda Cynon Taff Buy', 'url': 'https://www.rightmove.co.uk/commercial-property-for-sale/find.html?locationIdentifier=REGION%5E61254&radius=0.0&displayPropertyType=commercial&rent.x=Sale&search=For+Sale'},"
,"{'city': 'Swansea', 'url': 'https://www.rightmove.co.uk/commercial-property-to-let/find.html?locationIdentifier=REGION%5E92947&radius=0.0&displayPropertyType=commercial&rent.x=RENT&search=To+Rent'},","{'city': 'Swansea Buy', 'url': 'https://www.rightmove.co.uk/commercial-property-for-sale/find.html?locationIdentifier=REGION%5E92947&radius=0.0&displayPropertyType=commercial&rent.x=Sale&search=For+Sale'},"
,"{'city': 'Torfaen', 'url': 'https://www.rightmove.co.uk/commercial-property-to-let/find.html?locationIdentifier=REGION%5E61456&radius=0.0&displayPropertyType=commercial&rent.x=RENT&search=To+Rent'},","{'city': 'Torfaen Buy', 'url': 'https://www.rightmove.co.uk/commercial-property-for-sale/find.html?locationIdentifier=REGION%5E61456&radius=0.0&displayPropertyType=commercial&rent.x=Sale&search=For+Sale'},"
,"{'city': 'Vale of Glamorgan', 'url': 'https://www.rightmove.co.uk/commercial-property-to-let/find.html?locationIdentifier=REGION%5E61255&radius=0.0&displayPropertyType=commercial&rent.x=RENT&search=To+Rent'},","{'city': 'Vale of Glamorgan Buy', 'url': 'https://www.rightmove.co.uk/commercial-property-for-sale/find.html?locationIdentifier=REGION%5E61255&radius=0.0&displayPropertyType=commercial&rent.x=Sale&search=For+Sale'},"
,"{'city': 'Wrexham', 'url': 'https://www.rightmove.co.uk/commercial-property-to-let/find.html?locationIdentifier=REGION%5E93467&radius=0.0&displayPropertyType=commercial&rent.x=RENT&search=To+Rent'},","{'city': 'Wrexham Buy', 'url': 'https://www.rightmove.co.uk/commercial-property-for-sale/find.html?locationIdentifier=REGION%5E93467&radius=0.0&displayPropertyType=commercial&rent.x=Sale&search=For+Sale'},"
,"{'city': 'Antrim', 'url': 'https://www.rightmove.co.uk/commercial-property-to-let/find.html?locationIdentifier=REGION%5E61158&radius=0.0&displayPropertyType=commercial&rent.x=RENT&search=To+Rent'},","{'city': 'Antrim Buy', 'url': 'https://www.rightmove.co.uk/commercial-property-for-sale/find.html?locationIdentifier=REGION%5E61158&radius=0.0&displayPropertyType=commercial&rent.x=Sale&search=For+Sale'},"
,"{'city': 'Armagh', 'url': 'https://www.rightmove.co.uk/commercial-property-to-let/find.html?locationIdentifier=REGION%5E61541&radius=0.0&displayPropertyType=commercial&rent.x=RENT&search=To+Rent'},","{'city': 'Armagh Buy', 'url': 'https://www.rightmove.co.uk/commercial-property-for-sale/find.html?locationIdentifier=REGION%5E61541&radius=0.0&displayPropertyType=commercial&rent.x=Sale&search=For+Sale'},"
,"{'city': 'Down', 'url': 'https://www.rightmove.co.uk/commercial-property-to-let/find.html?locationIdentifier=REGION%5E61489&radius=0.0&displayPropertyType=commercial&rent.x=RENT&search=To+Rent'},","{'city': 'Down Buy', 'url': 'https://www.rightmove.co.uk/commercial-property-for-sale/find.html?locationIdentifier=REGION%5E61489&radius=0.0&displayPropertyType=commercial&rent.x=Sale&search=For+Sale'},"
,"{'city': 'Fermanagh', 'url': 'https://www.rightmove.co.uk/commercial-property-to-let/find.html?locationIdentifier=REGION%5E61160&radius=0.0&displayPropertyType=commercial&rent.x=RENT&search=To+Rent'},","{'city': 'Fermanagh Buy', 'url': 'https://www.rightmove.co.uk/commercial-property-for-sale/find.html?locationIdentifier=REGION%5E61160&radius=0.0&displayPropertyType=commercial&rent.x=Sale&search=For+Sale'},"
,"{'city': 'Londonderry', 'url': 'https://www.rightmove.co.uk/commercial-property-to-let/find.html?locationIdentifier=REGION%5E61490&radius=0.0&displayPropertyType=commercial&rent.x=RENT&search=To+Rent'},","{'city': 'Londonderry Buy', 'url': 'https://www.rightmove.co.uk/commercial-property-for-sale/find.html?locationIdentifier=REGION%5E61490&radius=0.0&displayPropertyType=commercial&rent.x=Sale&search=For+Sale'},"
,"{'city': 'Tyrone', 'url': 'https://www.rightmove.co.uk/commercial-property-to-let/find.html?locationIdentifier=REGION%5E61542&radius=0.0&displayPropertyType=commercial&rent.x=RENT&search=To+Rent'},","{'city': 'Tyrone Buy', 'url': 'https://www.rightmove.co.uk/commercial-property-for-sale/find.html?locationIdentifier=REGION%5E61542&radius=0.0&displayPropertyType=commercial&rent.x=Sale&search=For+Sale'},"
,"{'city': 'Barking and Dagenham', 'url': 'https://www.rightmove.co.uk/commercial-property-to-let/find.html?locationIdentifier=REGION%5E61400&radius=0.0&displayPropertyType=commercial&rent.x=RENT&search=To+Rent'},","{'city': 'Barking and Dagenham Buy', 'url': 'https://www.rightmove.co.uk/commercial-property-for-sale/find.html?locationIdentifier=REGION%5E61400&radius=0.0&displayPropertyType=commercial&rent.x=Sale&search=For+Sale'},"
,"{'city': 'Barnet', 'url': 'https://www.rightmove.co.uk/commercial-property-to-let/find.html?locationIdentifier=REGION%5E93929&radius=0.0&displayPropertyType=commercial&rent.x=RENT&search=To+Rent'},","{'city': 'Barnet Buy', 'url': 'https://www.rightmove.co.uk/commercial-property-for-sale/find.html?locationIdentifier=REGION%5E93929&radius=0.0&displayPropertyType=commercial&rent.x=Sale&search=For+Sale'},"
,"{'city': 'Bexley', 'url': 'https://www.rightmove.co.uk/commercial-property-to-let/find.html?locationIdentifier=REGION%5E93932&radius=0.0&displayPropertyType=commercial&rent.x=RENT&search=To+Rent'},","{'city': 'Bexley Buy', 'url': 'https://www.rightmove.co.uk/commercial-property-for-sale/find.html?locationIdentifier=REGION%5E93932&radius=0.0&displayPropertyType=commercial&rent.x=Sale&search=For+Sale'},"
,"{'city': 'Brent', 'url': 'https://www.rightmove.co.uk/commercial-property-to-let/find.html?locationIdentifier=REGION%5E93935&radius=0.0&displayPropertyType=commercial&rent.x=RENT&search=To+Rent'},","{'city': 'Brent Buy', 'url': 'https://www.rightmove.co.uk/commercial-property-for-sale/find.html?locationIdentifier=REGION%5E93935&radius=0.0&displayPropertyType=commercial&rent.x=Sale&search=For+Sale'},"
,"{'city': 'Bromley', 'url': 'https://www.rightmove.co.uk/commercial-property-to-let/find.html?locationIdentifier=REGION%5E93938&radius=0.0&displayPropertyType=commercial&rent.x=RENT&search=To+Rent'},","{'city': 'Bromley Buy', 'url': 'https://www.rightmove.co.uk/commercial-property-for-sale/find.html?locationIdentifier=REGION%5E93938&radius=0.0&displayPropertyType=commercial&rent.x=Sale&search=For+Sale'},"
,"{'city': 'Camden', 'url': 'https://www.rightmove.co.uk/commercial-property-to-let/find.html?locationIdentifier=REGION%5E93941&radius=0.0&displayPropertyType=commercial&rent.x=RENT&search=To+Rent'},","{'city': 'Camden Buy', 'url': 'https://www.rightmove.co.uk/commercial-property-for-sale/find.html?locationIdentifier=REGION%5E93941&radius=0.0&displayPropertyType=commercial&rent.x=Sale&search=For+Sale'},"
,"{'city': 'Croydon', 'url': 'https://www.rightmove.co.uk/commercial-property-to-let/find.html?locationIdentifier=REGION%5E93944&radius=0.0&displayPropertyType=commercial&rent.x=RENT&search=To+Rent'},","{'city': 'Croydon Buy', 'url': 'https://www.rightmove.co.uk/commercial-property-for-sale/find.html?locationIdentifier=REGION%5E93944&radius=0.0&displayPropertyType=commercial&rent.x=Sale&search=For+Sale'},"
,"{'city': 'Ealing', 'url': 'https://www.rightmove.co.uk/commercial-property-to-let/find.html?locationIdentifier=REGION%5E93947&radius=0.0&displayPropertyType=commercial&rent.x=RENT&search=To+Rent'},","{'city': 'Ealing Buy', 'url': 'https://www.rightmove.co.uk/commercial-property-for-sale/find.html?locationIdentifier=REGION%5E93947&radius=0.0&displayPropertyType=commercial&rent.x=Sale&search=For+Sale'},"
,"{'city': 'Enfield', 'url': 'https://www.rightmove.co.uk/commercial-property-to-let/find.html?locationIdentifier=REGION%5E93950&radius=0.0&displayPropertyType=commercial&rent.x=RENT&search=To+Rent'},","{'city': 'Enfield Buy', 'url': 'https://www.rightmove.co.uk/commercial-property-for-sale/find.html?locationIdentifier=REGION%5E93950&radius=0.0&displayPropertyType=commercial&rent.x=Sale&search=For+Sale'},"
,"{'city': 'Greenwich', 'url': 'https://www.rightmove.co.uk/commercial-property-to-let/find.html?locationIdentifier=REGION%5E61226&radius=0.0&displayPropertyType=commercial&rent.x=RENT&search=To+Rent'},","{'city': 'Greenwich Buy', 'url': 'https://www.rightmove.co.uk/commercial-property-for-sale/find.html?locationIdentifier=REGION%5E61226&radius=0.0&displayPropertyType=commercial&rent.x=Sale&search=For+Sale'},"
,"{'city': 'Hackney', 'url': 'https://www.rightmove.co.uk/commercial-property-to-let/find.html?locationIdentifier=REGION%5E93953&radius=0.0&displayPropertyType=commercial&rent.x=RENT&search=To+Rent'},","{'city': 'Hackney Buy', 'url': 'https://www.rightmove.co.uk/commercial-property-for-sale/find.html?locationIdentifier=REGION%5E93953&radius=0.0&displayPropertyType=commercial&rent.x=Sale&search=For+Sale'},"
,"{'city': 'Hammersmith and Fulham', 'url': 'https://www.rightmove.co.uk/commercial-property-to-let/find.html?locationIdentifier=REGION%5E61407&radius=0.0&displayPropertyType=commercial&rent.x=RENT&search=To+Rent'},","{'city': 'Hammersmith and Fulham Buy', 'url': 'https://www.rightmove.co.uk/commercial-property-for-sale/find.html?locationIdentifier=REGION%5E61407&radius=0.0&displayPropertyType=commercial&rent.x=Sale&search=For+Sale'},"
,"{'city': 'Haringey', 'url': 'https://www.rightmove.co.uk/commercial-property-to-let/find.html?locationIdentifier=REGION%5E61227&radius=0.0&displayPropertyType=commercial&rent.x=RENT&search=To+Rent'},","{'city': 'Haringey Buy', 'url': 'https://www.rightmove.co.uk/commercial-property-for-sale/find.html?locationIdentifier=REGION%5E61227&radius=0.0&displayPropertyType=commercial&rent.x=Sale&search=For+Sale'},"
,"{'city': 'Harrow', 'url': 'https://www.rightmove.co.uk/commercial-property-to-let/find.html?locationIdentifier=REGION%5E93956&radius=0.0&displayPropertyType=commercial&rent.x=RENT&search=To+Rent'},","{'city': 'Harrow Buy', 'url': 'https://www.rightmove.co.uk/commercial-property-for-sale/find.html?locationIdentifier=REGION%5E93956&radius=0.0&displayPropertyType=commercial&rent.x=Sale&search=For+Sale'},"
,"{'city': 'Havering', 'url': 'https://www.rightmove.co.uk/commercial-property-to-let/find.html?locationIdentifier=REGION%5E61228&radius=0.0&displayPropertyType=commercial&rent.x=RENT&search=To+Rent'},","{'city': 'Havering Buy', 'url': 'https://www.rightmove.co.uk/commercial-property-for-sale/find.html?locationIdentifier=REGION%5E61228&radius=0.0&displayPropertyType=commercial&rent.x=Sale&search=For+Sale'},"
,"{'city': 'Hillingdon', 'url': 'https://www.rightmove.co.uk/commercial-property-to-let/find.html?locationIdentifier=REGION%5E93959&radius=0.0&displayPropertyType=commercial&rent.x=RENT&search=To+Rent'},","{'city': 'Hillingdon Buy', 'url': 'https://www.rightmove.co.uk/commercial-property-for-sale/find.html?locationIdentifier=REGION%5E93959&radius=0.0&displayPropertyType=commercial&rent.x=Sale&search=For+Sale'},"
,"{'city': 'Hounslow', 'url': 'https://www.rightmove.co.uk/commercial-property-to-let/find.html?locationIdentifier=REGION%5E93962&radius=0.0&displayPropertyType=commercial&rent.x=RENT&search=To+Rent'},","{'city': 'Hounslow Buy', 'url': 'https://www.rightmove.co.uk/commercial-property-for-sale/find.html?locationIdentifier=REGION%5E93962&radius=0.0&displayPropertyType=commercial&rent.x=Sale&search=For+Sale'},"
,"{'city': 'Islington', 'url': 'https://www.rightmove.co.uk/commercial-property-to-let/find.html?locationIdentifier=REGION%5E93965&radius=0.0&displayPropertyType=commercial&rent.x=RENT&search=To+Rent'},","{'city': 'Islington Buy', 'url': 'https://www.rightmove.co.uk/commercial-property-for-sale/find.html?locationIdentifier=REGION%5E93965&radius=0.0&displayPropertyType=commercial&rent.x=Sale&search=For+Sale'},"
,"{'city': 'Kensington and Chelsea', 'url': 'https://www.rightmove.co.uk/commercial-property-to-let/find.html?locationIdentifier=REGION%5E61229&radius=0.0&displayPropertyType=commercial&rent.x=RENT&search=To+Rent'},","{'city': 'Kensington and Chelsea Buy', 'url': 'https://www.rightmove.co.uk/commercial-property-for-sale/find.html?locationIdentifier=REGION%5E61229&radius=0.0&displayPropertyType=commercial&rent.x=Sale&search=For+Sale'},"
,"{'city': 'Kingston upon Thames', 'url': 'https://www.rightmove.co.uk/commercial-property-to-let/find.html?locationIdentifier=REGION%5E93968&radius=0.0&displayPropertyType=commercial&rent.x=RENT&search=To+Rent'},","{'city': 'Kingston upon Thames Buy', 'url': 'https://www.rightmove.co.uk/commercial-property-for-sale/find.html?locationIdentifier=REGION%5E93968&radius=0.0&displayPropertyType=commercial&rent.x=Sale&search=For+Sale'},"
,"{'city': 'Lambeth', 'url': 'https://www.rightmove.co.uk/commercial-property-to-let/find.html?locationIdentifier=REGION%5E93971&radius=0.0&displayPropertyType=commercial&rent.x=RENT&search=To+Rent'},","{'city': 'Lambeth Buy', 'url': 'https://www.rightmove.co.uk/commercial-property-for-sale/find.html?locationIdentifier=REGION%5E93971&radius=0.0&displayPropertyType=commercial&rent.x=Sale&search=For+Sale'},"
,"{'city': 'Lewisham', 'url': 'https://www.rightmove.co.uk/commercial-property-to-let/find.html?locationIdentifier=REGION%5E61413&radius=0.0&displayPropertyType=commercial&rent.x=RENT&search=To+Rent'},","{'city': 'Lewisham Buy', 'url': 'https://www.rightmove.co.uk/commercial-property-for-sale/find.html?locationIdentifier=REGION%5E61413&radius=0.0&displayPropertyType=commercial&rent.x=Sale&search=For+Sale'},"
,"{'city': 'Merton', 'url': 'https://www.rightmove.co.uk/commercial-property-to-let/find.html?locationIdentifier=REGION%5E61414&radius=0.0&displayPropertyType=commercial&rent.x=RENT&search=To+Rent'},","{'city': 'Merton Buy', 'url': 'https://www.rightmove.co.uk/commercial-property-for-sale/find.html?locationIdentifier=REGION%5E61414&radius=0.0&displayPropertyType=commercial&rent.x=Sale&search=For+Sale'},"
,"{'city': 'Newham', 'url': 'https://www.rightmove.co.uk/commercial-property-to-let/find.html?locationIdentifier=REGION%5E61231&radius=0.0&displayPropertyType=commercial&rent.x=RENT&search=To+Rent'},","{'city': 'Newham Buy', 'url': 'https://www.rightmove.co.uk/commercial-property-for-sale/find.html?locationIdentifier=REGION%5E61231&radius=0.0&displayPropertyType=commercial&rent.x=Sale&search=For+Sale'},"
,"{'city': 'Redbridge', 'url': 'https://www.rightmove.co.uk/commercial-property-to-let/find.html?locationIdentifier=REGION%5E61537&radius=0.0&displayPropertyType=commercial&rent.x=RENT&search=To+Rent'},","{'city': 'Redbridge Buy', 'url': 'https://www.rightmove.co.uk/commercial-property-for-sale/find.html?locationIdentifier=REGION%5E61537&radius=0.0&displayPropertyType=commercial&rent.x=Sale&search=For+Sale'},"
,"{'city': 'Richmond upon Thames', 'url': 'https://www.rightmove.co.uk/commercial-property-to-let/find.html?locationIdentifier=REGION%5E61415&radius=0.0&displayPropertyType=commercial&rent.x=RENT&search=To+Rent'},","{'city': 'Richmond upon Thames Buy', 'url': 'https://www.rightmove.co.uk/commercial-property-for-sale/find.html?locationIdentifier=REGION%5E61415&radius=0.0&displayPropertyType=commercial&rent.x=Sale&search=For+Sale'},"
,"{'city': 'Southwark', 'url': 'https://www.rightmove.co.uk/commercial-property-to-let/find.html?locationIdentifier=REGION%5E61518&radius=0.0&displayPropertyType=commercial&rent.x=RENT&search=To+Rent'},","{'city': 'Southwark Buy', 'url': 'https://www.rightmove.co.uk/commercial-property-for-sale/find.html?locationIdentifier=REGION%5E61518&radius=0.0&displayPropertyType=commercial&rent.x=Sale&search=For+Sale'},"
,"{'city': 'Sutton', 'url': 'https://www.rightmove.co.uk/commercial-property-to-let/find.html?locationIdentifier=REGION%5E93974&radius=0.0&displayPropertyType=commercial&rent.x=RENT&search=To+Rent'},","{'city': 'Sutton Buy', 'url': 'https://www.rightmove.co.uk/commercial-property-for-sale/find.html?locationIdentifier=REGION%5E93974&radius=0.0&displayPropertyType=commercial&rent.x=Sale&search=For+Sale'},"
,"{'city': 'Tower Hamlets', 'url': 'https://www.rightmove.co.uk/commercial-property-to-let/find.html?locationIdentifier=REGION%5E61417&radius=0.0&displayPropertyType=commercial&rent.x=RENT&search=To+Rent'},","{'city': 'Tower Hamlets Buy', 'url': 'https://www.rightmove.co.uk/commercial-property-for-sale/find.html?locationIdentifier=REGION%5E61417&radius=0.0&displayPropertyType=commercial&rent.x=Sale&search=For+Sale'},"
,"{'city': 'Waltham Forest', 'url': 'https://www.rightmove.co.uk/commercial-property-to-let/find.html?locationIdentifier=REGION%5E61232&radius=0.0&displayPropertyType=commercial&rent.x=RENT&search=To+Rent'},","{'city': 'Waltham Forest Buy', 'url': 'https://www.rightmove.co.uk/commercial-property-for-sale/find.html?locationIdentifier=REGION%5E61232&radius=0.0&displayPropertyType=commercial&rent.x=Sale&search=For+Sale'},"
,"{'city': 'Wandsworth', 'url': 'https://www.rightmove.co.uk/commercial-property-to-let/find.html?locationIdentifier=REGION%5E93977&radius=0.0&displayPropertyType=commercial&rent.x=RENT&search=To+Rent'},","{'city': 'Wandsworth Buy', 'url': 'https://www.rightmove.co.uk/commercial-property-for-sale/find.html?locationIdentifier=REGION%5E93977&radius=0.0&displayPropertyType=commercial&rent.x=Sale&search=For+Sale'},"
,"{'city': 'Westminster', 'url': 'https://www.rightmove.co.uk/commercial-property-to-let/find.html?locationIdentifier=REGION%5E93980&radius=0.0&displayPropertyType=commercial&rent.x=RENT&search=To+Rent'},","{'city': 'Westminster Buy', 'url': 'https://www.rightmove.co.uk/commercial-property-for-sale/find.html?locationIdentifier=REGION%5E93980&radius=0.0&displayPropertyType=commercial&rent.x=Sale&search=For+Sale'},"
,"{'city': 'City of London', 'url': 'https://www.rightmove.co.uk/commercial-property-to-let/find.html?locationIdentifier=REGION%5E61224&radius=0.0&displayPropertyType=commercial&rent.x=RENT&search=To+Rent'},","{'city': 'City of London Buy', 'url': 'https://www.rightmove.co.uk/commercial-property-for-sale/find.html?locationIdentifier=REGION%5E61224&radius=0.0&displayPropertyType=commercial&rent.x=Sale&search=For+Sale'},"
,"{'city': 'Newcastle', 'url': 'https://www.rightmove.co.uk/commercial-property-to-let/find.html?locationIdentifier=REGION%5E984&radius=0.0&displayPropertyType=commercial&rent.x=RENT&search=To+Rent'},","{'city': 'Newcastle Buy', 'url': 'https://www.rightmove.co.uk/commercial-property-for-sale/find.html?locationIdentifier=REGION%5E984&radius=0.0&displayPropertyType=commercial&rent.x=Sale&search=For+Sale'},"
,"{'city': 'North Tyneside', 'url': 'https://www.rightmove.co.uk/commercial-property-to-let/find.html?locationIdentifier=REGION%5E61239&radius=0.0&displayPropertyType=commercial&rent.x=RENT&search=To+Rent'},","{'city': 'North Tyneside Buy', 'url': 'https://www.rightmove.co.uk/commercial-property-for-sale/find.html?locationIdentifier=REGION%5E61239&radius=0.0&displayPropertyType=commercial&rent.x=Sale&search=For+Sale'},"
,"{'city': 'Gateshead', 'url': 'https://www.rightmove.co.uk/commercial-property-to-let/find.html?locationIdentifier=REGION%5E544&radius=0.0&displayPropertyType=commercial&rent.x=RENT&search=To+Rent'},","{'city': 'Gateshead Buy', 'url': 'https://www.rightmove.co.uk/commercial-property-for-sale/find.html?locationIdentifier=REGION%5E544&radius=0.0&displayPropertyType=commercial&rent.x=Sale&search=For+Sale'},"
,"{'city': 'South Tyneside', 'url': 'https://www.rightmove.co.uk/commercial-property-to-let/find.html?locationIdentifier=REGION%5E61433&radius=0.0&displayPropertyType=commercial&rent.x=RENT&search=To+Rent'},","{'city': 'South Tyneside Buy', 'url': 'https://www.rightmove.co.uk/commercial-property-for-sale/find.html?locationIdentifier=REGION%5E61433&radius=0.0&displayPropertyType=commercial&rent.x=Sale&search=For+Sale'},"
,"{'city': 'Sunderland', 'url': 'https://www.rightmove.co.uk/commercial-property-to-let/find.html?locationIdentifier=REGION%5E1295&radius=0.0&displayPropertyType=commercial&rent.x=RENT&search=To+Rent'},","{'city': 'Sunderland Buy', 'url': 'https://www.rightmove.co.uk/commercial-property-for-sale/find.html?locationIdentifier=REGION%5E1295&radius=0.0&displayPropertyType=commercial&rent.x=Sale&search=For+Sale'},"
,"{'city': 'Uttlesford', 'url': 'https://www.rightmove.co.uk/commercial-property-to-let/find.html?locationIdentifier=REGION%5E93841&radius=0.0&displayPropertyType=commercial&rent.x=RENT&search=To+Rent'},","{'city': 'Uttlesford Buy', 'url': 'https://www.rightmove.co.uk/commercial-property-for-sale/find.html?locationIdentifier=REGION%5E93841&radius=0.0&displayPropertyType=commercial&rent.x=Sale&search=For+Sale'},"
,"{'city': 'Braintree', 'url': 'https://www.rightmove.co.uk/commercial-property-to-let/find.html?locationIdentifier=REGION%5E200&radius=0.0&displayPropertyType=commercial&rent.x=RENT&search=To+Rent'},","{'city': 'Braintree Buy', 'url': 'https://www.rightmove.co.uk/commercial-property-for-sale/find.html?locationIdentifier=REGION%5E200&radius=0.0&displayPropertyType=commercial&rent.x=Sale&search=For+Sale'},"
,"{'city': 'Colchester', 'url': 'https://www.rightmove.co.uk/commercial-property-to-let/find.html?locationIdentifier=REGION%5E347&radius=0.0&displayPropertyType=commercial&rent.x=RENT&search=To+Rent'},","{'city': 'Colchester Buy', 'url': 'https://www.rightmove.co.uk/commercial-property-for-sale/find.html?locationIdentifier=REGION%5E347&radius=0.0&displayPropertyType=commercial&rent.x=Sale&search=For+Sale'},"
,"{'city': 'Tendring', 'url': 'https://www.rightmove.co.uk/commercial-property-to-let/find.html?locationIdentifier=REGION%5E24125&radius=0.0&displayPropertyType=commercial&rent.x=RENT&search=To+Rent'},","{'city': 'Tendring Buy', 'url': 'https://www.rightmove.co.uk/commercial-property-for-sale/find.html?locationIdentifier=REGION%5E24125&radius=0.0&displayPropertyType=commercial&rent.x=Sale&search=For+Sale'},"
,"{'city': 'Harlow', 'url': 'https://www.rightmove.co.uk/commercial-property-to-let/find.html?locationIdentifier=REGION%5E596&radius=0.0&displayPropertyType=commercial&rent.x=RENT&search=To+Rent'},","{'city': 'Harlow Buy', 'url': 'https://www.rightmove.co.uk/commercial-property-for-sale/find.html?locationIdentifier=REGION%5E596&radius=0.0&displayPropertyType=commercial&rent.x=Sale&search=For+Sale'},"
,"{'city': 'Epping Forest', 'url': 'https://www.rightmove.co.uk/commercial-property-to-let/find.html?locationIdentifier=REGION%5E94145&radius=0.0&displayPropertyType=commercial&rent.x=RENT&search=To+Rent'},","{'city': 'Epping Forest Buy', 'url': 'https://www.rightmove.co.uk/commercial-property-for-sale/find.html?locationIdentifier=REGION%5E94145&radius=0.0&displayPropertyType=commercial&rent.x=Sale&search=For+Sale'},"
,"{'city': 'Chelmsford', 'url': 'https://www.rightmove.co.uk/commercial-property-to-let/find.html?locationIdentifier=REGION%5E307&radius=0.0&displayPropertyType=commercial&rent.x=RENT&search=To+Rent'},","{'city': 'Chelmsford Buy', 'url': 'https://www.rightmove.co.uk/commercial-property-for-sale/find.html?locationIdentifier=REGION%5E307&radius=0.0&displayPropertyType=commercial&rent.x=Sale&search=For+Sale'},"
,"{'city': 'Maldon', 'url': 'https://www.rightmove.co.uk/commercial-property-to-let/find.html?locationIdentifier=REGION%5E898&radius=0.0&displayPropertyType=commercial&rent.x=RENT&search=To+Rent'},","{'city': 'Maldon Buy', 'url': 'https://www.rightmove.co.uk/commercial-property-for-sale/find.html?locationIdentifier=REGION%5E898&radius=0.0&displayPropertyType=commercial&rent.x=Sale&search=For+Sale'},"
,"{'city': 'Brentwood', 'url': 'https://www.rightmove.co.uk/commercial-property-to-let/find.html?locationIdentifier=REGION%5E207&radius=0.0&displayPropertyType=commercial&rent.x=RENT&search=To+Rent'},","{'city': 'Brentwood Buy', 'url': 'https://www.rightmove.co.uk/commercial-property-for-sale/find.html?locationIdentifier=REGION%5E207&radius=0.0&displayPropertyType=commercial&rent.x=Sale&search=For+Sale'},"
,"{'city': 'Basildon', 'url': 'https://www.rightmove.co.uk/commercial-property-to-let/find.html?locationIdentifier=REGION%5E114&radius=0.0&displayPropertyType=commercial&rent.x=RENT&search=To+Rent'},","{'city': 'Basildon Buy', 'url': 'https://www.rightmove.co.uk/commercial-property-for-sale/find.html?locationIdentifier=REGION%5E114&radius=0.0&displayPropertyType=commercial&rent.x=Sale&search=For+Sale'},"
,"{'city': 'Rochford', 'url': 'https://www.rightmove.co.uk/commercial-property-to-let/find.html?locationIdentifier=REGION%5E1136&radius=0.0&displayPropertyType=commercial&rent.x=RENT&search=To+Rent'},","{'city': 'Rochford Buy', 'url': 'https://www.rightmove.co.uk/commercial-property-for-sale/find.html?locationIdentifier=REGION%5E1136&radius=0.0&displayPropertyType=commercial&rent.x=Sale&search=For+Sale'},"
,"{'city': 'Castle Point', 'url': 'https://www.rightmove.co.uk/commercial-property-to-let/find.html?locationIdentifier=REGION%5E331&radius=0.0&displayPropertyType=commercial&rent.x=RENT&search=To+Rent'},","{'city': 'Castle Point Buy', 'url': 'https://www.rightmove.co.uk/commercial-property-for-sale/find.html?locationIdentifier=REGION%5E331&radius=0.0&displayPropertyType=commercial&rent.x=Sale&search=For+Sale'},"
,"{'city': 'Southend-on-Sea', 'url': 'https://www.rightmove.co.uk/commercial-property-to-let/find.html?locationIdentifier=REGION%5E1232&radius=0.0&displayPropertyType=commercial&rent.x=RENT&search=To+Rent'},","{'city': 'Southend-on-Sea Buy', 'url': 'https://www.rightmove.co.uk/commercial-property-for-sale/find.html?locationIdentifier=REGION%5E1232&radius=0.0&displayPropertyType=commercial&rent.x=Sale&search=For+Sale'},"
,"{'city': 'Thurrock', 'url': 'https://www.rightmove.co.uk/commercial-property-to-let/find.html?locationIdentifier=REGION%5E61557&radius=0.0&displayPropertyType=commercial&rent.x=RENT&search=To+Rent'},","{'city': 'Thurrock Buy', 'url': 'https://www.rightmove.co.uk/commercial-property-for-sale/find.html?locationIdentifier=REGION%5E61557&radius=0.0&displayPropertyType=commercial&rent.x=Sale&search=For+Sale'},"
,"{'city': 'Manchester', 'url': 'https://www.rightmove.co.uk/commercial-property-to-let/find.html?locationIdentifier=REGION%5E904&radius=0.0&displayPropertyType=commercial&rent.x=RENT&search=To+Rent'},","{'city': 'Manchester Buy', 'url': 'https://www.rightmove.co.uk/commercial-property-for-sale/find.html?locationIdentifier=REGION%5E904&radius=0.0&displayPropertyType=commercial&rent.x=Sale&search=For+Sale'},"
,"{'city': 'Stockport', 'url': 'https://www.rightmove.co.uk/commercial-property-to-let/find.html?locationIdentifier=REGION%5E1268&radius=0.0&displayPropertyType=commercial&rent.x=RENT&search=To+Rent'},","{'city': 'Stockport Buy', 'url': 'https://www.rightmove.co.uk/commercial-property-for-sale/find.html?locationIdentifier=REGION%5E1268&radius=0.0&displayPropertyType=commercial&rent.x=Sale&search=For+Sale'},"
,"{'city': 'Tameside', 'url': 'https://www.rightmove.co.uk/commercial-property-to-let/find.html?locationIdentifier=REGION%5E61235&radius=0.0&displayPropertyType=commercial&rent.x=RENT&search=To+Rent'},","{'city': 'Tameside Buy', 'url': 'https://www.rightmove.co.uk/commercial-property-for-sale/find.html?locationIdentifier=REGION%5E61235&radius=0.0&displayPropertyType=commercial&rent.x=Sale&search=For+Sale'},"
,"{'city': 'Oldham', 'url': 'https://www.rightmove.co.uk/commercial-property-to-let/find.html?locationIdentifier=REGION%5E1025&radius=0.0&displayPropertyType=commercial&rent.x=RENT&search=To+Rent'},","{'city': 'Oldham Buy', 'url': 'https://www.rightmove.co.uk/commercial-property-for-sale/find.html?locationIdentifier=REGION%5E1025&radius=0.0&displayPropertyType=commercial&rent.x=Sale&search=For+Sale'},"
,"{'city': 'Rochdale', 'url': 'https://www.rightmove.co.uk/commercial-property-to-let/find.html?locationIdentifier=REGION%5E1134&radius=0.0&displayPropertyType=commercial&rent.x=RENT&search=To+Rent'},","{'city': 'Rochdale Buy', 'url': 'https://www.rightmove.co.uk/commercial-property-for-sale/find.html?locationIdentifier=REGION%5E1134&radius=0.0&displayPropertyType=commercial&rent.x=Sale&search=For+Sale'},"
,"{'city': 'Bury', 'url': 'https://www.rightmove.co.uk/commercial-property-to-let/find.html?locationIdentifier=REGION%5E257&radius=0.0&displayPropertyType=commercial&rent.x=RENT&search=To+Rent'},","{'city': 'Bury Buy', 'url': 'https://www.rightmove.co.uk/commercial-property-for-sale/find.html?locationIdentifier=REGION%5E257&radius=0.0&displayPropertyType=commercial&rent.x=Sale&search=For+Sale'},"
,"{'city': 'Bolton', 'url': 'https://www.rightmove.co.uk/commercial-property-to-let/find.html?locationIdentifier=REGION%5E182&radius=0.0&displayPropertyType=commercial&rent.x=RENT&search=To+Rent'},","{'city': 'Bolton Buy', 'url': 'https://www.rightmove.co.uk/commercial-property-for-sale/find.html?locationIdentifier=REGION%5E182&radius=0.0&displayPropertyType=commercial&rent.x=Sale&search=For+Sale'},"
,"{'city': 'Wigan', 'url': 'https://www.rightmove.co.uk/commercial-property-to-let/find.html?locationIdentifier=REGION%5E1452&radius=0.0&displayPropertyType=commercial&rent.x=RENT&search=To+Rent'},","{'city': 'Wigan Buy', 'url': 'https://www.rightmove.co.uk/commercial-property-for-sale/find.html?locationIdentifier=REGION%5E1452&radius=0.0&displayPropertyType=commercial&rent.x=Sale&search=For+Sale'},"
,"{'city': 'Salford', 'url': 'https://www.rightmove.co.uk/commercial-property-to-let/find.html?locationIdentifier=REGION%5E1164&radius=0.0&displayPropertyType=commercial&rent.x=RENT&search=To+Rent'},","{'city': 'Salford Buy', 'url': 'https://www.rightmove.co.uk/commercial-property-for-sale/find.html?locationIdentifier=REGION%5E1164&radius=0.0&displayPropertyType=commercial&rent.x=Sale&search=For+Sale'},"
,"{'city': 'Trafford', 'url': 'https://www.rightmove.co.uk/commercial-property-to-let/find.html?locationIdentifier=REGION%5E61424&radius=0.0&displayPropertyType=commercial&rent.x=RENT&search=To+Rent'},","{'city': 'Trafford Buy', 'url': 'https://www.rightmove.co.uk/commercial-property-for-sale/find.html?locationIdentifier=REGION%5E61424&radius=0.0&displayPropertyType=commercial&rent.x=Sale&search=For+Sale'},"
,,
,"{'city': 'Basingstoke and Deane', 'url': 'https://www.rightmove.co.uk/commercial-property-to-let/find.html?locationIdentifier=REGION%5E115&radius=0.0&displayPropertyType=commercial&rent.x=RENT&search=To+Rent'},","{'city': 'Basingstoke and Deane Buy', 'url': 'https://www.rightmove.co.uk/commercial-property-for-sale/find.html?locationIdentifier=REGION%5E115&radius=0.0&displayPropertyType=commercial&rent.x=Sale&search=For+Sale'},"
,"{'city': 'Hart', 'url': 'https://www.rightmove.co.uk/commercial-property-to-let/find.html?locationIdentifier=REGION%5E93898&radius=0.0&displayPropertyType=commercial&rent.x=RENT&search=To+Rent'},","{'city': 'Hart Buy', 'url': 'https://www.rightmove.co.uk/commercial-property-for-sale/find.html?locationIdentifier=REGION%5E93898&radius=0.0&displayPropertyType=commercial&rent.x=Sale&search=For+Sale'},"
,"{'city': 'Rushmoor', 'url': 'https://www.rightmove.co.uk/commercial-property-to-let/find.html?locationIdentifier=REGION%5E22&radius=0.0&displayPropertyType=commercial&rent.x=RENT&search=To+Rent'},","{'city': 'Rushmoor Buy', 'url': 'https://www.rightmove.co.uk/commercial-property-for-sale/find.html?locationIdentifier=REGION%5E22&radius=0.0&displayPropertyType=commercial&rent.x=Sale&search=For+Sale'},"
,"{'city': 'City of Winchester', 'url': 'https://www.rightmove.co.uk/commercial-property-to-let/find.html?locationIdentifier=REGION%5E1460&radius=0.0&displayPropertyType=commercial&rent.x=RENT&search=To+Rent'},","{'city': 'City of Winchester Buy', 'url': 'https://www.rightmove.co.uk/commercial-property-for-sale/find.html?locationIdentifier=REGION%5E1460&radius=0.0&displayPropertyType=commercial&rent.x=Sale&search=For+Sale'},"
,,
,"{'city': 'New Forest', 'url': 'https://www.rightmove.co.uk/commercial-property-to-let/find.html?locationIdentifier=REGION%5E91999&radius=0.0&displayPropertyType=commercial&rent.x=RENT&search=To+Rent'},","{'city': 'New Forest Buy', 'url': 'https://www.rightmove.co.uk/commercial-property-for-sale/find.html?locationIdentifier=REGION%5E91999&radius=0.0&displayPropertyType=commercial&rent.x=Sale&search=For+Sale'},"
,"{'city': 'Southampton', 'url': 'https://www.rightmove.co.uk/commercial-property-to-let/find.html?locationIdentifier=REGION%5E1231&radius=0.0&displayPropertyType=commercial&rent.x=RENT&search=To+Rent'},","{'city': 'Southampton Buy', 'url': 'https://www.rightmove.co.uk/commercial-property-for-sale/find.html?locationIdentifier=REGION%5E1231&radius=0.0&displayPropertyType=commercial&rent.x=Sale&search=For+Sale'},"
,"{'city': 'Eastleigh', 'url': 'https://www.rightmove.co.uk/commercial-property-to-let/find.html?locationIdentifier=REGION%5E471&radius=0.0&displayPropertyType=commercial&rent.x=RENT&search=To+Rent'},","{'city': 'Eastleigh Buy', 'url': 'https://www.rightmove.co.uk/commercial-property-for-sale/find.html?locationIdentifier=REGION%5E471&radius=0.0&displayPropertyType=commercial&rent.x=Sale&search=For+Sale'},"
,"{'city': 'Fareham', 'url': 'https://www.rightmove.co.uk/commercial-property-to-let/find.html?locationIdentifier=REGION%5E503&radius=0.0&displayPropertyType=commercial&rent.x=RENT&search=To+Rent'},","{'city': 'Fareham Buy', 'url': 'https://www.rightmove.co.uk/commercial-property-for-sale/find.html?locationIdentifier=REGION%5E503&radius=0.0&displayPropertyType=commercial&rent.x=Sale&search=For+Sale'},"
,"{'city': 'Gosport', 'url': 'https://www.rightmove.co.uk/commercial-property-to-let/find.html?locationIdentifier=REGION%5E564&radius=0.0&displayPropertyType=commercial&rent.x=RENT&search=To+Rent'},","{'city': 'Gosport Buy', 'url': 'https://www.rightmove.co.uk/commercial-property-for-sale/find.html?locationIdentifier=REGION%5E564&radius=0.0&displayPropertyType=commercial&rent.x=Sale&search=For+Sale'},"
,"{'city': 'Portsmouth', 'url': 'https://www.rightmove.co.uk/commercial-property-to-let/find.html?locationIdentifier=REGION%5E1089&radius=0.0&displayPropertyType=commercial&rent.x=RENT&search=To+Rent'},","{'city': 'Portsmouth Buy', 'url': 'https://www.rightmove.co.uk/commercial-property-for-sale/find.html?locationIdentifier=REGION%5E1089&radius=0.0&displayPropertyType=commercial&rent.x=Sale&search=For+Sale'},"
,"{'city': 'Havant', 'url': 'https://www.rightmove.co.uk/commercial-property-to-let/find.html?locationIdentifier=REGION%5E607&radius=0.0&displayPropertyType=commercial&rent.x=RENT&search=To+Rent'},","{'city': 'Havant Buy', 'url': 'https://www.rightmove.co.uk/commercial-property-for-sale/find.html?locationIdentifier=REGION%5E607&radius=0.0&displayPropertyType=commercial&rent.x=Sale&search=For+Sale'},"
,"{'city': 'Wolverhampton', 'url': 'https://www.rightmove.co.uk/commercial-property-to-let/find.html?locationIdentifier=REGION%5E1476&radius=0.0&displayPropertyType=commercial&rent.x=RENT&search=To+Rent'},","{'city': 'Wolverhampton Buy', 'url': 'https://www.rightmove.co.uk/commercial-property-for-sale/find.html?locationIdentifier=REGION%5E1476&radius=0.0&displayPropertyType=commercial&rent.x=Sale&search=For+Sale'},"
,"{'city': 'Dudley', 'url': 'https://www.rightmove.co.uk/commercial-property-to-let/find.html?locationIdentifier=REGION%5E443&radius=0.0&displayPropertyType=commercial&rent.x=RENT&search=To+Rent'},","{'city': 'Dudley Buy', 'url': 'https://www.rightmove.co.uk/commercial-property-for-sale/find.html?locationIdentifier=REGION%5E443&radius=0.0&displayPropertyType=commercial&rent.x=Sale&search=For+Sale'},"
,"{'city': 'Walsall', 'url': 'https://www.rightmove.co.uk/commercial-property-to-let/find.html?locationIdentifier=REGION%5E1392&radius=0.0&displayPropertyType=commercial&rent.x=RENT&search=To+Rent'},","{'city': 'Walsall Buy', 'url': 'https://www.rightmove.co.uk/commercial-property-for-sale/find.html?locationIdentifier=REGION%5E1392&radius=0.0&displayPropertyType=commercial&rent.x=Sale&search=For+Sale'},"
,"{'city': 'Sandwell', 'url': 'https://www.rightmove.co.uk/commercial-property-to-let/find.html?locationIdentifier=REGION%5E61436&radius=0.0&displayPropertyType=commercial&rent.x=RENT&search=To+Rent'},","{'city': 'Sandwell Buy', 'url': 'https://www.rightmove.co.uk/commercial-property-for-sale/find.html?locationIdentifier=REGION%5E61436&radius=0.0&displayPropertyType=commercial&rent.x=Sale&search=For+Sale'},"
,"{'city': 'Birmingham', 'url': 'https://www.rightmove.co.uk/commercial-property-to-let/find.html?locationIdentifier=REGION%5E162&radius=0.0&displayPropertyType=commercial&rent.x=RENT&search=To+Rent'},","{'city': 'Birmingham Buy', 'url': 'https://www.rightmove.co.uk/commercial-property-for-sale/find.html?locationIdentifier=REGION%5E162&radius=0.0&displayPropertyType=commercial&rent.x=Sale&search=For+Sale'},"
,"{'city': 'Solihull', 'url': 'https://www.rightmove.co.uk/commercial-property-to-let/find.html?locationIdentifier=REGION%5E1220&radius=0.0&displayPropertyType=commercial&rent.x=RENT&search=To+Rent'},","{'city': 'Solihull Buy', 'url': 'https://www.rightmove.co.uk/commercial-property-for-sale/find.html?locationIdentifier=REGION%5E1220&radius=0.0&displayPropertyType=commercial&rent.x=Sale&search=For+Sale'},"
,"{'city': 'Coventry', 'url': 'https://www.rightmove.co.uk/commercial-property-to-let/find.html?locationIdentifier=REGION%5E368&radius=0.0&displayPropertyType=commercial&rent.x=RENT&search=To+Rent'},","{'city': 'Coventry Buy', 'url': 'https://www.rightmove.co.uk/commercial-property-for-sale/find.html?locationIdentifier=REGION%5E368&radius=0.0&displayPropertyType=commercial&rent.x=Sale&search=For+Sale'},"
