id,city,propertyType,displayAddress,price,priceQualifier,bedrooms,bathrooms,displaySize,sizeMinSqft,sizeMaxSqft,sizeMinSqm,sizeMaxSqm,summary,propertyUrl,firstVisibleDate,addedOrReduced,listingUpdate,formattedBranchName,branchDisplayName,latitude,longitude,propertyImages
"142514978","Brent","Mixed Use","5,5A,5B Court Parade, Wembley, Middlesex, HA0","£850,000","Fixed Price","6","","2,285 sq. ft.","2285","2285","212","212","Comprises ground floor shop (sold-off), 2-bedroom flat at first floor, 4-bedroom flat at second/third floor and self-contained plot of land at rear, currently used as a car parking. ","https://www.rightmove.co.uk/properties/142514978#/?channel=COM_BUY","2023-12-01T15:46:23Z","","size_change","Marketed by Blue Alpine, London","","51.56209","-0.31901","https://media.rightmove.co.uk:443/dir/crop/10:9-16:9/231k/230087/142514978/230087_5courtblock_IMG_00_0000_max_476x317.jpeg; https://media.rightmove.co.uk:443/dir/crop/10:9-16:9/231k/230087/142514978/230087_5courtblock_IMG_01_0000_max_476x317.jpeg; https://media.rightmove.co.uk:443/dir/crop/10:9-16:9/231k/230087/142514978/230087_5courtblock_IMG_02_0000_max_476x317.jpeg; https://media.rightmove.co.uk:443/dir/crop/10:9-16:9/231k/230087/142514978/230087_5courtblock_IMG_03_0000_max_476x317.jpeg; https://media.rightmove.co.uk:443/dir/crop/10:9-16:9/231k/230087/142514978/230087_5courtblock_IMG_04_0000_max_476x317.jpeg"
"169863863","Brent","Retail Property (high street)","Windermere Avenue, Wembley","£450,000","","","","954 sq. ft.","954","954","89","89","Business for Sale: Successful Off-License - Windermere Avenue, HA9 An excellent opportunity to acquire a thriving off-license business located in a prime position on Windermere Avenue, HA9. This well-established store generates an impressive weekly turnover of £18,000 and is ideally suited ...","https://www.rightmove.co.uk/properties/169863863#/?channel=COM_BUY","2025-12-01T11:28:33Z","","new","Marketed by Hiltons Estates, Broadway Southall","","51.57102","-0.30814","https://media.rightmove.co.uk:443/dir/crop/10:9-16:9/264k/263948/169863863/263948_102736004231_IMG_00_0000_max_476x317.jpeg; https://media.rightmove.co.uk:443/dir/crop/10:9-16:9/264k/263948/169863863/263948_102736004231_IMG_01_0000_max_476x317.jpeg; https://media.rightmove.co.uk:443/dir/crop/10:9-16:9/264k/263948/169863863/263948_102736004231_IMG_02_0000_max_476x317.jpeg; https://media.rightmove.co.uk:443/dir/crop/10:9-16:9/264k/263948/169863863/263948_102736004231_IMG_03_0000_max_476x317.jpeg; https://media.rightmove.co.uk:443/dir/crop/10:9-16:9/264k/263948/169863863/263948_102736004231_IMG_04_0000_max_476x317.jpeg; https://media.rightmove.co.uk:443/dir/crop/10:9-16:9/264k/263948/169863863/263948_102736004231_IMG_05_0000_max_476x317.jpeg; https://media.rightmove.co.uk:443/dir/crop/10:9-16:9/264k/263948/169863863/263948_102736004231_IMG_06_0000_max_476x317.jpeg; https://media.rightmove.co.uk:443/dir/crop/10:9-16:9/264k/263948/169863863/263948_102736004231_IMG_07_0000_max_476x317.jpeg; https://media.rightmove.co.uk:443/dir/crop/10:9-16:9/264k/263948/169863863/263948_102736004231_IMG_08_0000_max_476x317.jpeg; https://media.rightmove.co.uk:443/dir/crop/10:9-16:9/264k/263948/169863863/263948_102736004231_IMG_09_0000_max_476x317.jpeg"
"169929986","Brent","Plot","18, Iron Bridge Close, Brent, London,, NW10","£5,000,000","","10","10","","","","","","A rare opportunity to acquire a residential unit or individual units with excellent investment potential.","https://www.rightmove.co.uk/properties/169929986#/?channel=COM_BUY","2025-12-02T16:34:40Z","","new","Marketed by Druce, Kensal Rise & Queen's Park","","51.55283","-0.25226","https://media.rightmove.co.uk:443/dir/crop/10:9-16:9/281k/280514/169929986/280514_006fw000007xxDEAAY_IMG_08_0000_max_476x317.jpeg; https://media.rightmove.co.uk:443/dir/crop/10:9-16:9/281k/280514/169929986/280514_006fw000007xxDEAAY_IMG_02_0000_max_476x317.jpeg; https://media.rightmove.co.uk:443/dir/crop/10:9-16:9/281k/280514/169929986/280514_006fw000007xxDEAAY_IMG_07_0000_max_476x317.jpeg; https://media.rightmove.co.uk:443/dir/crop/10:9-16:9/281k/280514/169929986/280514_006fw000007xxDEAAY_IMG_00_0000_max_476x317.jpeg; https://media.rightmove.co.uk:443/dir/crop/10:9-16:9/281k/280514/169929986/280514_006fw000007xxDEAAY_IMG_01_0000_max_476x317.jpeg; https://media.rightmove.co.uk:443/dir/crop/10:9-16:9/281k/280514/169929986/280514_006fw000007xxDEAAY_IMG_03_0000_max_476x317.jpeg; https://media.rightmove.co.uk:443/dir/crop/10:9-16:9/281k/280514/169929986/280514_006fw000007xxDEAAY_IMG_05_0000_max_476x317.jpeg; https://media.rightmove.co.uk:443/dir/crop/10:9-16:9/281k/280514/169929986/280514_006fw000007xxDEAAY_IMG_06_0000_max_476x317.jpeg; https://media.rightmove.co.uk:443/dir/crop/10:9-16:9/281k/280514/169929986/280514_006fw000007xxDEAAY_IMG_04_0000_max_476x317.jpeg; https://media.rightmove.co.uk:443/dir/crop/10:9-16:9/281k/280514/169929986/280514_006fw000007xxDEAAY_IMG_09_0000_max_476x317.jpeg; https://media.rightmove.co.uk:443/dir/crop/10:9-16:9/281k/280514/169929986/280514_006fw000007xxDEAAY_IMG_10_0000_max_476x317.jpeg"
"169496789","Brent","Commercial Property","Neasden Lane, London, NW10","£995,900","","4","1","","","","","","We are pleased to be able to bring to the market a rarely available ground floor shop with office to rear and residential two storey upper part which is offered for sale freehold.The shop measures some 1,100 sq ft with office to rear of approximately 250 sq ft additionally and there is ...","https://www.rightmove.co.uk/properties/169496789#/?channel=COM_BUY","2025-11-19T15:20:26Z","","new","Marketed by Hoopers, Neasden","","51.559972","-0.251259","https://media.rightmove.co.uk:443/dir/crop/10:9-16:9/11k/10007/169496789/10007_29721632_IMG_00_0000_max_476x317.jpeg; https://media.rightmove.co.uk:443/dir/crop/10:9-16:9/11k/10007/169496789/10007_29721632_IMG_01_0000_max_476x317.jpeg; https://media.rightmove.co.uk:443/dir/crop/10:9-16:9/11k/10007/169496789/10007_29721632_IMG_02_0000_max_476x317.jpeg; https://media.rightmove.co.uk:443/dir/crop/10:9-16:9/11k/10007/169496789/10007_29721632_IMG_03_0000_max_476x317.jpeg; https://media.rightmove.co.uk:443/dir/crop/10:9-16:9/11k/10007/169496789/10007_29721632_IMG_04_0000_max_476x317.jpeg; https://media.rightmove.co.uk:443/dir/crop/10:9-16:9/11k/10007/169496789/10007_29721632_IMG_05_0000_max_476x317.jpeg; https://media.rightmove.co.uk:443/dir/crop/10:9-16:9/11k/10007/169496789/10007_29721632_IMG_06_0000_max_476x317.jpeg; https://media.rightmove.co.uk:443/dir/crop/10:9-16:9/11k/10007/169496789/10007_29721632_IMG_07_0000_max_476x317.jpeg; https://media.rightmove.co.uk:443/dir/crop/10:9-16:9/11k/10007/169496789/10007_29721632_IMG_08_0000_max_476x317.jpeg; https://media.rightmove.co.uk:443/dir/crop/10:9-16:9/11k/10007/169496789/10007_29721632_IMG_09_0000_max_476x317.jpeg; https://media.rightmove.co.uk:443/dir/crop/10:9-16:9/11k/10007/169496789/10007_29721632_IMG_10_0000_max_476x317.jpeg; https://media.rightmove.co.uk:443/dir/crop/10:9-16:9/11k/10007/169496789/10007_29721632_IMG_11_0000_max_476x317.jpeg"
"169494689","Brent","Commercial Property","Cumberland Avenue, Cumberland Business Park, London, NW10 7RT","£600,000","","","","1,803 sq. ft.","1803","1803","168","168","REDUCED TO SELL, YOU OFFER WE NEGOTIATE! Found in Cumberland Business Park, NW10 this freehold commercial property offers a remarkable opportunity for businesses seeking a prime location in London. Spanning 1,803 sqft, this versatile warehouse / workshop & office space over 2 floors is ...","https://www.rightmove.co.uk/properties/169494689#/?channel=COM_BUY","2025-11-19T14:50:00Z","","new","Marketed by Churchill & Mathesons Estate Agents, Acton","","51.53012","-0.277704","https://media.rightmove.co.uk:443/dir/crop/10:9-16:9/91k/90035/169494689/90035_30026893_IMG_16_0000_max_476x317.jpeg; https://media.rightmove.co.uk:443/dir/crop/10:9-16:9/91k/90035/169494689/90035_30026893_IMG_12_0000_max_476x317.png; https://media.rightmove.co.uk:443/dir/crop/10:9-16:9/91k/90035/169494689/90035_30026893_IMG_18_0000_max_476x317.jpeg; https://media.rightmove.co.uk:443/dir/crop/10:9-16:9/91k/90035/169494689/90035_30026893_IMG_19_0000_max_476x317.jpeg; https://media.rightmove.co.uk:443/dir/crop/10:9-16:9/91k/90035/169494689/90035_30026893_IMG_20_0000_max_476x317.jpeg; https://media.rightmove.co.uk:443/dir/crop/10:9-16:9/91k/90035/169494689/90035_30026893_IMG_22_0000_max_476x317.jpeg; https://media.rightmove.co.uk:443/dir/crop/10:9-16:9/91k/90035/169494689/90035_30026893_IMG_21_0000_max_476x317.jpeg; https://media.rightmove.co.uk:443/dir/crop/10:9-16:9/91k/90035/169494689/90035_30026893_IMG_14_0000_max_476x317.jpeg; https://media.rightmove.co.uk:443/dir/crop/10:9-16:9/91k/90035/169494689/90035_30026893_IMG_24_0000_max_476x317.jpeg; https://media.rightmove.co.uk:443/dir/crop/10:9-16:9/91k/90035/169494689/90035_30026893_IMG_15_0000_max_476x317.jpeg; https://media.rightmove.co.uk:443/dir/crop/10:9-16:9/91k/90035/169494689/90035_30026893_IMG_11_0000_max_476x317.jpeg; https://media.rightmove.co.uk:443/dir/crop/10:9-16:9/91k/90035/169494689/90035_30026893_IMG_13_0000_max_476x317.jpeg; https://media.rightmove.co.uk:443/dir/crop/10:9-16:9/91k/90035/169494689/90035_30026893_IMG_17_0000_max_476x317.jpeg; https://media.rightmove.co.uk:443/dir/crop/10:9-16:9/91k/90035/169494689/90035_30026893_IMG_23_0000_max_476x317.jpeg; https://media.rightmove.co.uk:443/dir/crop/10:9-16:9/91k/90035/169494689/90035_30026893_IMG_00_0000_max_476x317.jpeg; https://media.rightmove.co.uk:443/dir/crop/10:9-16:9/91k/90035/169494689/90035_30026893_IMG_01_0000_max_476x317.jpeg; https://media.rightmove.co.uk:443/dir/crop/10:9-16:9/91k/90035/169494689/90035_30026893_IMG_02_0000_max_476x317.jpeg; https://media.rightmove.co.uk:443/dir/crop/10:9-16:9/91k/90035/169494689/90035_30026893_IMG_03_0000_max_476x317.jpeg; https://media.rightmove.co.uk:443/dir/crop/10:9-16:9/91k/90035/169494689/90035_30026893_IMG_04_0000_max_476x317.jpeg; https://media.rightmove.co.uk:443/dir/crop/10:9-16:9/91k/90035/169494689/90035_30026893_IMG_05_0000_max_476x317.jpeg; https://media.rightmove.co.uk:443/dir/crop/10:9-16:9/91k/90035/169494689/90035_30026893_IMG_06_0000_max_476x317.jpeg; https://media.rightmove.co.uk:443/dir/crop/10:9-16:9/91k/90035/169494689/90035_30026893_IMG_07_0000_max_476x317.jpeg; https://media.rightmove.co.uk:443/dir/crop/10:9-16:9/91k/90035/169494689/90035_30026893_IMG_08_0000_max_476x317.jpeg; https://media.rightmove.co.uk:443/dir/crop/10:9-16:9/91k/90035/169494689/90035_30026893_IMG_09_0000_max_476x317.jpeg; https://media.rightmove.co.uk:443/dir/crop/10:9-16:9/91k/90035/169494689/90035_30026893_IMG_10_0000_max_476x317.jpeg"
"168550487","Brent","Light Industrial","36 Hallmark Trading Estate, Fourth Way, Wembley, Middlesex, HA9","£875,000","Offers in Region of","","","3,907 sq. ft.","3907","3907","363","363","Comprises industrial unit with offices on the first floor and land to the side with an external building. Benefits from loading access via an electric roller shutter.","https://www.rightmove.co.uk/properties/168550487#/?channel=COM_BUY","2025-10-23T17:50:29Z","","size_change","Marketed by Blue Alpine, London","","51.55768","-0.26897","https://media.rightmove.co.uk:443/dir/crop/10:9-16:9/231k/230087/168550487/230087_36hallmark_IMG_00_0000_max_476x317.jpeg; https://media.rightmove.co.uk:443/dir/crop/10:9-16:9/231k/230087/168550487/230087_36hallmark_IMG_01_0000_max_476x317.jpeg; https://media.rightmove.co.uk:443/dir/crop/10:9-16:9/231k/230087/168550487/230087_36hallmark_IMG_02_0000_max_476x317.jpeg; https://media.rightmove.co.uk:443/dir/crop/10:9-16:9/231k/230087/168550487/230087_36hallmark_IMG_03_0000_max_476x317.jpeg; https://media.rightmove.co.uk:443/dir/crop/10:9-16:9/231k/230087/168550487/230087_36hallmark_IMG_04_0000_max_476x317.jpeg; https://media.rightmove.co.uk:443/dir/crop/10:9-16:9/231k/230087/168550487/230087_36hallmark_IMG_05_0000_max_476x317.jpeg; https://media.rightmove.co.uk:443/dir/crop/10:9-16:9/231k/230087/168550487/230087_36hallmark_IMG_07_0000_max_476x317.jpeg; https://media.rightmove.co.uk:443/dir/crop/10:9-16:9/231k/230087/168550487/230087_36hallmark_IMG_06_0000_max_476x317.jpeg"
"169475015","Brent","Office","101 Tubbs Road, Willesden Junction, NW10 4QX","£325,000","Offers in Excess of","","","1,013 sq. ft.","1013","1013","94","94","Self-contained e use class premises with parking Ideal for owner occupiers or investors","https://www.rightmove.co.uk/properties/169475015#/?channel=COM_BUY","2025-11-19T10:14:39Z","","new","Marketed by Dutch & Dutch, Commercial","","51.532951","-0.246093","https://media.rightmove.co.uk:443/dir/crop/10:9-16:9/85k/84379/169475015/84379_337704-1_IMG_00_0000_max_476x317.jpeg; https://media.rightmove.co.uk:443/dir/crop/10:9-16:9/85k/84379/169475015/84379_337704-1_IMG_01_0000_max_476x317.jpeg; https://media.rightmove.co.uk:443/dir/crop/10:9-16:9/85k/84379/169475015/84379_337704-1_IMG_02_0000_max_476x317.jpeg; https://media.rightmove.co.uk:443/dir/crop/10:9-16:9/85k/84379/169475015/84379_337704-1_IMG_03_0000_max_476x317.jpeg; https://media.rightmove.co.uk:443/dir/crop/10:9-16:9/85k/84379/169475015/84379_337704-1_IMG_04_0000_max_476x317.jpeg; https://media.rightmove.co.uk:443/dir/crop/10:9-16:9/85k/84379/169475015/84379_337704-1_IMG_05_0000_max_476x317.jpeg; https://media.rightmove.co.uk:443/dir/crop/10:9-16:9/85k/84379/169475015/84379_337704-1_IMG_06_0000_max_476x317.jpeg; https://media.rightmove.co.uk:443/dir/crop/10:9-16:9/85k/84379/169475015/84379_337704-1_IMG_07_0000_max_476x317.jpeg; https://media.rightmove.co.uk:443/dir/crop/10:9-16:9/85k/84379/169475015/84379_337704-1_IMG_08_0000_max_476x317.jpeg"
"723058405560001","Brent","Hotel","No.8, 305 High Road, London, NW10 2JT","£1,500,000","Offers in Region of","","","10,146 sq. ft.","10146","10146","943","943","Freehold Public House & Hostel with Vacant Possession For Sale in Willesden, London","https://www.rightmove.co.uk/properties/723058405560001#/?channel=COM_BUY","2025-12-04T14:55:39Z","","new","Marketed by Savills, Margaret Street - Licensed Leisure","","51.548624","-0.23877","https://media.rightmove.co.uk:443/dir/crop/10:9-16:9/226k/225521/723058405560001/225521_336313-1_IMG_00_0000_max_476x317.jpeg; https://media.rightmove.co.uk:443/dir/crop/10:9-16:9/226k/225521/723058405560001/225521_336313-1_IMG_01_0000_max_476x317.png; https://media.rightmove.co.uk:443/dir/crop/10:9-16:9/226k/225521/723058405560001/225521_336313-1_IMG_02_0000_max_476x317.jpeg; https://media.rightmove.co.uk:443/dir/crop/10:9-16:9/226k/225521/723058405560001/225521_336313-1_IMG_03_0000_max_476x317.jpeg; https://media.rightmove.co.uk:443/dir/crop/10:9-16:9/226k/225521/723058405560001/225521_336313-1_IMG_04_0000_max_476x317.jpeg; https://media.rightmove.co.uk:443/dir/crop/10:9-16:9/226k/225521/723058405560001/225521_336313-1_IMG_05_0000_max_476x317.jpeg; https://media.rightmove.co.uk:443/dir/crop/10:9-16:9/226k/225521/723058405560001/225521_336313-1_IMG_06_0000_max_476x317.jpeg; https://media.rightmove.co.uk:443/dir/crop/10:9-16:9/226k/225521/723058405560001/225521_336313-1_IMG_07_0000_max_476x317.jpeg; https://media.rightmove.co.uk:443/dir/crop/10:9-16:9/226k/225521/723058405560001/225521_336313-1_IMG_08_0000_max_476x317.jpeg; https://media.rightmove.co.uk:443/dir/crop/10:9-16:9/226k/225521/723058405560001/225521_336313-1_IMG_09_0000_max_476x317.jpeg; https://media.rightmove.co.uk:443/dir/crop/10:9-16:9/226k/225521/723058405560001/225521_336313-1_IMG_10_0000_max_476x317.jpeg; https://media.rightmove.co.uk:443/dir/crop/10:9-16:9/226k/225521/723058405560001/225521_336313-1_IMG_11_0000_max_476x317.jpeg; https://media.rightmove.co.uk:443/dir/crop/10:9-16:9/226k/225521/723058405560001/225521_336313-1_IMG_12_0000_max_476x317.jpeg; https://media.rightmove.co.uk:443/dir/crop/10:9-16:9/226k/225521/723058405560001/225521_336313-1_IMG_13_0000_max_476x317.jpeg; https://media.rightmove.co.uk:443/dir/crop/10:9-16:9/226k/225521/723058405560001/225521_336313-1_IMG_14_0000_max_476x317.jpeg; https://media.rightmove.co.uk:443/dir/crop/10:9-16:9/226k/225521/723058405560001/225521_336313-1_IMG_15_0000_max_476x317.jpeg; https://media.rightmove.co.uk:443/dir/crop/10:9-16:9/226k/225521/723058405560001/225521_336313-1_IMG_16_0000_max_476x317.jpeg"
"169043444","Brent","Warehouse","Unit 12-14 Wharfside Industrial Estate, Rosemont Road, Alperton, HA0 4PE","POA","","","","8,213 sq. ft.","8213","8213","763","763","Industrial / Warehouse Unit To-Let/May Sell - Flexible Refurbishment Lease Options Available","https://www.rightmove.co.uk/properties/169043444#/?channel=COM_BUY","2025-11-06T09:33:38Z","","new","Marketed by Logix Property, Logix Property","","51.539378","-0.297244","https://media.rightmove.co.uk:443/dir/crop/10:9-16:9/282k/281990/169043444/281990_335633-1_IMG_00_0000_max_476x317.jpeg; https://media.rightmove.co.uk:443/dir/crop/10:9-16:9/282k/281990/169043444/281990_335633-1_IMG_01_0000_max_476x317.jpeg; https://media.rightmove.co.uk:443/dir/crop/10:9-16:9/282k/281990/169043444/281990_335633-1_IMG_02_0000_max_476x317.jpeg; https://media.rightmove.co.uk:443/dir/crop/10:9-16:9/282k/281990/169043444/281990_335633-1_IMG_03_0000_max_476x317.jpeg; https://media.rightmove.co.uk:443/dir/crop/10:9-16:9/282k/281990/169043444/281990_335633-1_IMG_04_0000_max_476x317.jpeg"
"723058109859969","Brent","Light Industrial","Industrial Land at Adams Bridge Works, South Way, Wembley, London, HA9 0HE","POA","","","","23,087 sq. ft.","23087","23087","2145","2145","Vacant existing warehouse with redevelopment potential.","https://www.rightmove.co.uk/properties/723058109859969#/?channel=COM_BUY","2025-12-04T14:55:37Z","","new","Marketed by Savills, Margaret Street - Industrial","","51.555817","-0.272274","https://media.rightmove.co.uk:443/dir/crop/10:9-16:9/215k/214130/723058109859969/214130_334322-1_IMG_00_0000_max_476x317.jpeg; https://media.rightmove.co.uk:443/dir/crop/10:9-16:9/215k/214130/723058109859969/214130_334322-1_IMG_01_0000_max_476x317.png; https://media.rightmove.co.uk:443/dir/crop/10:9-16:9/215k/214130/723058109859969/214130_334322-1_IMG_02_0000_max_476x317.png"
"161989253","Brent","Shop","High Road, London, NW10","£25,000","Guide Price","","1","","","","","","Galaxy Real Estate presents Mobile Shop for sale in London.","https://www.rightmove.co.uk/properties/161989253#/?channel=COM_BUY","2025-05-15T13:55:46Z","","price_reduced","Marketed by GALAXY REAL ESTATE LIMITED, Hayes","","51.5472","-0.235593",""
"168549263","Brent","Mixed Use","934, North Circular Road, London","£850,000","Guide Price","","","","","","","","Freehold three storey detached building on a good size plot. Comprising ground floor offices and 2 x self-contained flats over the first and second floors. Development potential subject to consents. Vacant","https://www.rightmove.co.uk/properties/168549263#/?channel=COM_BUY","2025-10-23T17:25:22Z","","new","Marketed by Savills, Savills Auctions- Commercial","","51.569188","-0.238593","https://media.rightmove.co.uk:443/dir/crop/10:9-16:9/239k/238697/168549263/238697_947BBA52-B968-4A39-A2BD-9AB5429D0EBD_IMG_01_0002_max_476x317.jpeg; https://media.rightmove.co.uk:443/dir/crop/10:9-16:9/239k/238697/168549263/238697_947BBA52-B968-4A39-A2BD-9AB5429D0EBD_IMG_00_0002_max_476x317.jpeg"
"168478838","Brent","Shop","Wembley, Greater London, HA0","£180,000","","","1","","","","","","Galaxy Real Estate Presents Rent-Free shop In Wembley.","https://www.rightmove.co.uk/properties/168478838#/?channel=COM_BUY","2025-10-22T12:03:11Z","","new","Marketed by GALAXY REAL ESTATE LIMITED, Hayes","","51.5359","-0.297755",""
"168376538","Brent","Commercial Development","Victoria Works, Brent Cross, London, NW2 6LF","POA","","","","47,045 sq. ft.","47045","47045","4371","4371","Brent Cross Central: A Prime Opportunity for Commercial/ Residential Redevelopment or Industrial Occupation (Subject to Planning)","https://www.rightmove.co.uk/properties/168376538#/?channel=COM_BUY","2025-10-20T11:01:38Z","","new","Marketed by Strettons, Commericial Agency- City & City Fringe","","51.56536","-0.227158","https://media.rightmove.co.uk:443/dir/crop/10:9-16:9/109k/108718/168376538/108718_333462-1_IMG_00_0000_max_476x317.jpeg; https://media.rightmove.co.uk:443/dir/crop/10:9-16:9/109k/108718/168376538/108718_333462-1_IMG_01_0000_max_476x317.jpeg; https://media.rightmove.co.uk:443/dir/crop/10:9-16:9/109k/108718/168376538/108718_333462-1_IMG_02_0000_max_476x317.jpeg; https://media.rightmove.co.uk:443/dir/crop/10:9-16:9/109k/108718/168376538/108718_333462-1_IMG_03_0000_max_476x317.jpeg; https://media.rightmove.co.uk:443/dir/crop/10:9-16:9/109k/108718/168376538/108718_333462-1_IMG_04_0000_max_476x317.jpeg; https://media.rightmove.co.uk:443/dir/crop/10:9-16:9/109k/108718/168376538/108718_333462-1_IMG_05_0000_max_476x317.jpeg; https://media.rightmove.co.uk:443/dir/crop/10:9-16:9/109k/108718/168376538/108718_333462-1_IMG_06_0000_max_476x317.jpeg; https://media.rightmove.co.uk:443/dir/crop/10:9-16:9/109k/108718/168376538/108718_333462-1_IMG_07_0000_max_476x317.jpeg; https://media.rightmove.co.uk:443/dir/crop/10:9-16:9/109k/108718/168376538/108718_333462-1_IMG_08_0000_max_476x317.jpeg; https://media.rightmove.co.uk:443/dir/crop/10:9-16:9/109k/108718/168376538/108718_333462-1_IMG_09_0000_max_476x317.jpeg; https://media.rightmove.co.uk:443/dir/crop/10:9-16:9/109k/108718/168376538/108718_333462-1_IMG_10_0000_max_476x317.jpeg; https://media.rightmove.co.uk:443/dir/crop/10:9-16:9/109k/108718/168376538/108718_333462-1_IMG_11_0000_max_476x317.jpeg; https://media.rightmove.co.uk:443/dir/crop/10:9-16:9/109k/108718/168376538/108718_333462-1_IMG_12_0000_max_476x317.jpeg; https://media.rightmove.co.uk:443/dir/crop/10:9-16:9/109k/108718/168376538/108718_333462-1_IMG_13_0000_max_476x317.jpeg"
"87306741","Brent","Retail Property (high street)","Chichele Road, London","£32,000","","","","","","","","","Brian Cox and Company are delighted to offer to the market this ground floor retail unit to lease at £32,000 pa","https://www.rightmove.co.uk/properties/87306741#/?channel=COM_BUY","2025-10-14T13:52:26Z","","new","Marketed by Brian Cox, Harrow","","51.556072","-0.216088","https://media.rightmove.co.uk:443/dir/crop/10:9-16:9/56k/55692/87306741/55692_12764430_IMG_00_0000_max_476x317.jpeg; https://media.rightmove.co.uk:443/dir/crop/10:9-16:9/56k/55692/87306741/55692_12764430_IMG_01_0000_max_476x317.jpeg; https://media.rightmove.co.uk:443/dir/crop/10:9-16:9/56k/55692/87306741/55692_12764430_IMG_02_0000_max_476x317.jpeg; https://media.rightmove.co.uk:443/dir/crop/10:9-16:9/56k/55692/87306741/55692_12764430_IMG_03_0000_max_476x317.jpeg; https://media.rightmove.co.uk:443/dir/crop/10:9-16:9/56k/55692/87306741/55692_12764430_IMG_04_0000_max_476x317.jpeg; https://media.rightmove.co.uk:443/dir/crop/10:9-16:9/56k/55692/87306741/55692_12764430_IMG_05_0000_max_476x317.jpeg; https://media.rightmove.co.uk:443/dir/crop/10:9-16:9/56k/55692/87306741/55692_12764430_IMG_06_0000_max_476x317.jpeg; https://media.rightmove.co.uk:443/dir/crop/10:9-16:9/56k/55692/87306741/55692_12764430_IMG_07_0000_max_476x317.jpeg; https://media.rightmove.co.uk:443/dir/crop/10:9-16:9/56k/55692/87306741/55692_12764430_IMG_08_0000_max_476x317.jpeg; https://media.rightmove.co.uk:443/dir/crop/10:9-16:9/56k/55692/87306741/55692_12764430_IMG_09_0000_max_476x317.jpeg; https://media.rightmove.co.uk:443/dir/crop/10:9-16:9/56k/55692/87306741/55692_12764430_IMG_10_0000_max_476x317.jpeg; https://media.rightmove.co.uk:443/dir/crop/10:9-16:9/56k/55692/87306741/55692_12764430_IMG_11_0000_max_476x317.jpeg"
"168148535","Brent","Mixed Use","North Circular Road, London, NW2","£1,600,000","","","","2,777 sq. ft.","2777","2777","258","258","The property is situated in a highly prominent location on the North side of the North Circular Road (A406) approx. 0.6miles from junct 1 of the M1 and Edgware Road. There is excellent road communication to and from Central London. The building is being fully refurbished and will provide approx 7...","https://www.rightmove.co.uk/properties/168148535#/?channel=COM_BUY","2025-10-13T12:05:50Z","","new","Marketed by Petermans, Edgware","","51.569269","-0.240451","https://media.rightmove.co.uk:443/dir/crop/10:9-16:9/46k/45479/168148535/45479_a4e1bfd5-bbe7-48e5-8233-4a538d3bcc5f_IMG_00_0000_max_476x317.jpeg; https://media.rightmove.co.uk:443/dir/crop/10:9-16:9/46k/45479/168148535/45479_a4e1bfd5-bbe7-48e5-8233-4a538d3bcc5f_IMG_01_0000_max_476x317.jpeg; https://media.rightmove.co.uk:443/dir/crop/10:9-16:9/46k/45479/168148535/45479_a4e1bfd5-bbe7-48e5-8233-4a538d3bcc5f_IMG_02_0000_max_476x317.jpeg; https://media.rightmove.co.uk:443/dir/crop/10:9-16:9/46k/45479/168148535/45479_a4e1bfd5-bbe7-48e5-8233-4a538d3bcc5f_IMG_03_0000_max_476x317.jpeg; https://media.rightmove.co.uk:443/dir/crop/10:9-16:9/46k/45479/168148535/45479_a4e1bfd5-bbe7-48e5-8233-4a538d3bcc5f_IMG_04_0000_max_476x317.jpeg; https://media.rightmove.co.uk:443/dir/crop/10:9-16:9/46k/45479/168148535/45479_a4e1bfd5-bbe7-48e5-8233-4a538d3bcc5f_IMG_05_0000_max_476x317.jpeg; https://media.rightmove.co.uk:443/dir/crop/10:9-16:9/46k/45479/168148535/45479_a4e1bfd5-bbe7-48e5-8233-4a538d3bcc5f_IMG_06_0000_max_476x317.jpeg; https://media.rightmove.co.uk:443/dir/crop/10:9-16:9/46k/45479/168148535/45479_a4e1bfd5-bbe7-48e5-8233-4a538d3bcc5f_IMG_07_0000_max_476x317.jpeg; https://media.rightmove.co.uk:443/dir/crop/10:9-16:9/46k/45479/168148535/45479_a4e1bfd5-bbe7-48e5-8233-4a538d3bcc5f_IMG_08_0000_max_476x317.jpeg; https://media.rightmove.co.uk:443/dir/crop/10:9-16:9/46k/45479/168148535/45479_a4e1bfd5-bbe7-48e5-8233-4a538d3bcc5f_IMG_09_0000_max_476x317.jpeg; https://media.rightmove.co.uk:443/dir/crop/10:9-16:9/46k/45479/168148535/45479_a4e1bfd5-bbe7-48e5-8233-4a538d3bcc5f_IMG_10_0000_max_476x317.jpeg; https://media.rightmove.co.uk:443/dir/crop/10:9-16:9/46k/45479/168148535/45479_a4e1bfd5-bbe7-48e5-8233-4a538d3bcc5f_IMG_11_0000_max_476x317.jpeg"
"167141810","Brent","Distribution Warehouse","Concept House, 6 McNicol Drive, London, NW10","POA","","","","15,367 sq. ft.","15367","15367","1428","1428","Extremely rare freehold opportunity in a prime north west location The property is a detached warehouse facility on a secure site. The property requires refurbishment and will be sold in its current condition. The property features: - Fully detached warehouse - 2 ground level loading doors and...","https://www.rightmove.co.uk/properties/167141810#/?channel=COM_BUY","2025-09-18T12:25:10Z","","new","Marketed by Knight Frank, Logistics and Industrial - Commercial","","51.5346","-0.2682","https://media.rightmove.co.uk:443/dir/crop/10:9-16:9/156k/155477/167141810/155477_LIC012519169_IMG_00_0000_max_476x317.jpeg; https://media.rightmove.co.uk:443/dir/crop/10:9-16:9/156k/155477/167141810/155477_LIC012519169_IMG_01_0000_max_476x317.jpeg; https://media.rightmove.co.uk:443/dir/crop/10:9-16:9/156k/155477/167141810/155477_LIC012519169_IMG_02_0000_max_476x317.jpeg; https://media.rightmove.co.uk:443/dir/crop/10:9-16:9/156k/155477/167141810/155477_LIC012519169_IMG_03_0000_max_476x317.jpeg; https://media.rightmove.co.uk:443/dir/crop/10:9-16:9/156k/155477/167141810/155477_LIC012519169_IMG_04_0000_max_476x317.jpeg"
"721603409841137","Brent","Light Industrial","Unit 15 Cygnus Business Centre, Willesden, NW10 2XA","£650,000","","","","1,992 sq. ft.","1992","1992","185","185","Freehold Warehouse For Sale Inclusive of 3 Parking Spaces.","https://www.rightmove.co.uk/properties/721603409841137#/?channel=COM_BUY","2025-11-26T11:59:05Z","","new","Marketed by Forest Real Estate, London","","51.550092","-0.245534","https://media.rightmove.co.uk:443/dir/crop/10:9-16:9/233k/232625/721603409841137/232625_328656-1_IMG_00_0000_max_476x317.jpeg; https://media.rightmove.co.uk:443/dir/crop/10:9-16:9/233k/232625/721603409841137/232625_328656-1_IMG_01_0000_max_476x317.jpeg; https://media.rightmove.co.uk:443/dir/crop/10:9-16:9/233k/232625/721603409841137/232625_328656-1_IMG_02_0000_max_476x317.jpeg; https://media.rightmove.co.uk:443/dir/crop/10:9-16:9/233k/232625/721603409841137/232625_328656-1_IMG_03_0000_max_476x317.jpeg; https://media.rightmove.co.uk:443/dir/crop/10:9-16:9/233k/232625/721603409841137/232625_328656-1_IMG_04_0000_max_476x317.jpeg; https://media.rightmove.co.uk:443/dir/crop/10:9-16:9/233k/232625/721603409841137/232625_328656-1_IMG_05_0000_max_476x317.jpeg; https://media.rightmove.co.uk:443/dir/crop/10:9-16:9/233k/232625/721603409841137/232625_328656-1_IMG_06_0000_max_476x317.jpeg; https://media.rightmove.co.uk:443/dir/crop/10:9-16:9/233k/232625/721603409841137/232625_328656-1_IMG_07_0000_max_476x317.jpeg; https://media.rightmove.co.uk:443/dir/crop/10:9-16:9/233k/232625/721603409841137/232625_328656-1_IMG_08_0000_max_476x317.jpeg; https://media.rightmove.co.uk:443/dir/crop/10:9-16:9/233k/232625/721603409841137/232625_328656-1_IMG_09_0000_max_476x317.jpeg"
"162760796","Brent","Shop","Court Parade, Wembley, HA0","£380,000","Offers Over","","","","","","","","Prime commercial property with spacious shop front, office space, excellent transport links. Ideal for businesses seeking good visibility location with plenty of drive past traffic. Contact us to view or for more info. ","https://www.rightmove.co.uk/properties/162760796#/?channel=COM_BUY","2025-06-03T02:32:19Z","","price_reduced","Marketed by Ellis & Co, Wembley","","51.562345","-0.319639","https://media.rightmove.co.uk:443/dir/crop/10:9-16:9/47k/46194/162760796/46194_WCL240096_IMG_00_0000_max_476x317.jpeg; https://media.rightmove.co.uk:443/dir/crop/10:9-16:9/47k/46194/162760796/46194_WCL240096_IMG_01_0000_max_476x317.jpeg; https://media.rightmove.co.uk:443/dir/crop/10:9-16:9/47k/46194/162760796/46194_WCL240096_IMG_02_0000_max_476x317.jpeg; https://media.rightmove.co.uk:443/dir/crop/10:9-16:9/47k/46194/162760796/46194_WCL240096_IMG_03_0000_max_476x317.jpeg; https://media.rightmove.co.uk:443/dir/crop/10:9-16:9/47k/46194/162760796/46194_WCL240096_IMG_04_0000_max_476x317.jpeg; https://media.rightmove.co.uk:443/dir/crop/10:9-16:9/47k/46194/162760796/46194_WCL240096_IMG_05_0000_max_476x317.jpeg; https://media.rightmove.co.uk:443/dir/crop/10:9-16:9/47k/46194/162760796/46194_WCL240096_IMG_06_0000_max_476x317.jpeg; https://media.rightmove.co.uk:443/dir/crop/10:9-16:9/47k/46194/162760796/46194_WCL240096_IMG_07_0000_max_476x317.jpeg; https://media.rightmove.co.uk:443/dir/crop/10:9-16:9/47k/46194/162760796/46194_WCL240096_IMG_08_0000_max_476x317.jpeg; https://media.rightmove.co.uk:443/dir/crop/10:9-16:9/47k/46194/162760796/46194_WCL240096_IMG_09_0000_max_476x317.jpeg; https://media.rightmove.co.uk:443/dir/crop/10:9-16:9/47k/46194/162760796/46194_WCL240096_IMG_10_0000_max_476x317.jpeg; https://media.rightmove.co.uk:443/dir/crop/10:9-16:9/47k/46194/162760796/46194_WCL240096_IMG_11_0000_max_476x317.jpeg; https://media.rightmove.co.uk:443/dir/crop/10:9-16:9/47k/46194/162760796/46194_WCL240096_IMG_12_0000_max_476x317.jpeg; https://media.rightmove.co.uk:443/dir/crop/10:9-16:9/47k/46194/162760796/46194_WCL240096_IMG_13_0000_max_476x317.jpeg; https://media.rightmove.co.uk:443/dir/crop/10:9-16:9/47k/46194/162760796/46194_WCL240096_IMG_14_0000_max_476x317.jpeg; https://media.rightmove.co.uk:443/dir/crop/10:9-16:9/47k/46194/162760796/46194_WCL240096_IMG_15_0000_max_476x317.jpeg; https://media.rightmove.co.uk:443/dir/crop/10:9-16:9/47k/46194/162760796/46194_WCL240096_IMG_16_0000_max_476x317.jpeg; https://media.rightmove.co.uk:443/dir/crop/10:9-16:9/47k/46194/162760796/46194_WCL240096_IMG_17_0000_max_476x317.jpeg; https://media.rightmove.co.uk:443/dir/crop/10:9-16:9/47k/46194/162760796/46194_WCL240096_IMG_18_0000_max_476x317.jpeg; https://media.rightmove.co.uk:443/dir/crop/10:9-16:9/47k/46194/162760796/46194_WCL240096_IMG_19_0000_max_476x317.jpeg; https://media.rightmove.co.uk:443/dir/crop/10:9-16:9/47k/46194/162760796/46194_WCL240096_IMG_20_0000_max_476x317.jpeg; https://media.rightmove.co.uk:443/dir/crop/10:9-16:9/47k/46194/162760796/46194_WCL240096_IMG_21_0000_max_476x317.jpeg"
"165709451","Brent","Commercial Property","Neasden Lane, Neasdan, NW10 1QJ","£85,000","Guide Price","","","","","","","","RELOCATION ABROAD FORCES SALE - Fully-Fitted Restaurant Lease for Sale Neasden, NW10 Fully Equipped & Popular Restaurant For Sale In Prime Neasden Location! Sham Rose Café Offers A Turnkey Opportunity With Stylish Interiors, Full Inventory, Loyal Customer Base & Strong Footfall.","https://www.rightmove.co.uk/properties/165709451#/?channel=COM_BUY","2025-08-13T15:45:59Z","","new","Marketed by Stonebridge Estates, London","","51.5598","-0.251489","https://media.rightmove.co.uk:443/dir/crop/10:9-16:9/215k/214412/165709451/214412_3469_STOB_IMG_00_0000_max_476x317.jpeg; https://media.rightmove.co.uk:443/dir/crop/10:9-16:9/215k/214412/165709451/214412_3469_STOB_IMG_01_0000_max_476x317.jpeg; https://media.rightmove.co.uk:443/dir/crop/10:9-16:9/215k/214412/165709451/214412_3469_STOB_IMG_02_0000_max_476x317.jpeg; https://media.rightmove.co.uk:443/dir/crop/10:9-16:9/215k/214412/165709451/214412_3469_STOB_IMG_03_0000_max_476x317.jpeg; https://media.rightmove.co.uk:443/dir/crop/10:9-16:9/215k/214412/165709451/214412_3469_STOB_IMG_04_0000_max_476x317.jpeg"
"165493229","Brent","Cafe","High Road, Wembley, Middlesex","£1,100,000","Guide Price","5","","","","","","","Ground floor shop with five bedroom House of Multiple Occupation on the fist and second floor.","https://www.rightmove.co.uk/properties/165493229#/?channel=COM_BUY","2025-08-07T19:18:03Z","","new","Marketed by Strutt & Parker, Lewes","","51.553693","-0.293993","https://media.rightmove.co.uk:443/dir/crop/10:9-16:9/45k/44261/165493229/44261_LLD240020_IMG_00_0000_max_476x317.jpeg; https://media.rightmove.co.uk:443/dir/crop/10:9-16:9/45k/44261/165493229/44261_LLD240020_IMG_01_0000_max_476x317.jpeg; https://media.rightmove.co.uk:443/dir/crop/10:9-16:9/45k/44261/165493229/44261_LLD240020_IMG_02_0000_max_476x317.jpeg; https://media.rightmove.co.uk:443/dir/crop/10:9-16:9/45k/44261/165493229/44261_LLD240020_IMG_03_0000_max_476x317.jpeg; https://media.rightmove.co.uk:443/dir/crop/10:9-16:9/45k/44261/165493229/44261_LLD240020_IMG_04_0000_max_476x317.jpeg; https://media.rightmove.co.uk:443/dir/crop/10:9-16:9/45k/44261/165493229/44261_LLD240020_IMG_05_0000_max_476x317.jpeg; https://media.rightmove.co.uk:443/dir/crop/10:9-16:9/45k/44261/165493229/44261_LLD240020_IMG_06_0000_max_476x317.jpeg; https://media.rightmove.co.uk:443/dir/crop/10:9-16:9/45k/44261/165493229/44261_LLD240020_IMG_07_0000_max_476x317.jpeg; https://media.rightmove.co.uk:443/dir/crop/10:9-16:9/45k/44261/165493229/44261_LLD240020_IMG_08_0000_max_476x317.jpeg; https://media.rightmove.co.uk:443/dir/crop/10:9-16:9/45k/44261/165493229/44261_LLD240020_IMG_09_0000_max_476x317.jpeg; https://media.rightmove.co.uk:443/dir/crop/10:9-16:9/45k/44261/165493229/44261_LLD240020_IMG_10_0000_max_476x317.jpeg; https://media.rightmove.co.uk:443/dir/crop/10:9-16:9/45k/44261/165493229/44261_LLD240020_IMG_11_0000_max_476x317.jpeg; https://media.rightmove.co.uk:443/dir/crop/10:9-16:9/45k/44261/165493229/44261_LLD240020_IMG_12_0000_max_476x317.jpeg; https://media.rightmove.co.uk:443/dir/crop/10:9-16:9/45k/44261/165493229/44261_LLD240020_IMG_13_0000_max_476x317.jpeg; https://media.rightmove.co.uk:443/dir/crop/10:9-16:9/45k/44261/165493229/44261_LLD240020_IMG_14_0000_max_476x317.jpeg; https://media.rightmove.co.uk:443/dir/crop/10:9-16:9/45k/44261/165493229/44261_LLD240020_IMG_15_0000_max_476x317.jpeg; https://media.rightmove.co.uk:443/dir/crop/10:9-16:9/45k/44261/165493229/44261_LLD240020_IMG_16_0000_max_476x317.jpeg; https://media.rightmove.co.uk:443/dir/crop/10:9-16:9/45k/44261/165493229/44261_LLD240020_IMG_17_0000_max_476x317.jpeg"
"163792469","Brent","Warehouse","Liberty Centre, Mount Pleasant, Wembley HA0","£1,100,000","","","","","","","","","Located within the Liberty centre we are delighted to offer the freehold of ground and first floor warehouse. The property comprises roller shutter and ground floor area of 2000st ft, on the first floor another 2000sq ft comprises office space with WC's. The warehouse also benefits from parking...","https://www.rightmove.co.uk/properties/163792469#/?channel=COM_BUY","2025-06-25T15:54:23Z","","new","Marketed by Hilton & Fox, Wembley","","51.540765","-0.289618","https://media.rightmove.co.uk:443/dir/crop/10:9-16:9/238k/237482/163792469/237482_hilton_2038288982_IMG_00_0000_max_476x317.jpeg; https://media.rightmove.co.uk:443/dir/crop/10:9-16:9/238k/237482/163792469/237482_hilton_2038288982_IMG_01_0000_max_476x317.jpeg; https://media.rightmove.co.uk:443/dir/crop/10:9-16:9/238k/237482/163792469/237482_hilton_2038288982_IMG_02_0000_max_476x317.jpeg; https://media.rightmove.co.uk:443/dir/crop/10:9-16:9/238k/237482/163792469/237482_hilton_2038288982_IMG_03_0000_max_476x317.jpeg; https://media.rightmove.co.uk:443/dir/crop/10:9-16:9/238k/237482/163792469/237482_hilton_2038288982_IMG_04_0000_max_476x317.jpeg; https://media.rightmove.co.uk:443/dir/crop/10:9-16:9/238k/237482/163792469/237482_hilton_2038288982_IMG_05_0000_max_476x317.jpeg; https://media.rightmove.co.uk:443/dir/crop/10:9-16:9/238k/237482/163792469/237482_hilton_2038288982_IMG_06_0000_max_476x317.jpeg; https://media.rightmove.co.uk:443/dir/crop/10:9-16:9/238k/237482/163792469/237482_hilton_2038288982_IMG_07_0000_max_476x317.jpeg; https://media.rightmove.co.uk:443/dir/crop/10:9-16:9/238k/237482/163792469/237482_hilton_2038288982_IMG_08_0000_max_476x317.jpeg; https://media.rightmove.co.uk:443/dir/crop/10:9-16:9/238k/237482/163792469/237482_hilton_2038288982_IMG_09_0000_max_476x317.jpeg; https://media.rightmove.co.uk:443/dir/crop/10:9-16:9/238k/237482/163792469/237482_hilton_2038288982_IMG_10_0000_max_476x317.jpeg; https://media.rightmove.co.uk:443/dir/crop/10:9-16:9/238k/237482/163792469/237482_hilton_2038288982_IMG_11_0000_max_476x317.jpeg; https://media.rightmove.co.uk:443/dir/crop/10:9-16:9/238k/237482/163792469/237482_hilton_2038288982_IMG_12_0000_max_476x317.jpeg; https://media.rightmove.co.uk:443/dir/crop/10:9-16:9/238k/237482/163792469/237482_hilton_2038288982_IMG_13_0000_max_476x317.jpeg"
"162510014","Brent","Distribution Warehouse","25-31 Colin Road, Willesden, London, NW10","POA","","","","","","","","","Extremely Rare Freehold Opportunity - 14,484 sq ft on 1.01 Acres The 1.01 acre / 43,996 sq ft site consists of 6 workshops and 2 office buildings of approximately 14,484 sq ft. This is an extremely rare freehold opportunity, with the potential for residential development. A high-level indicati...","https://www.rightmove.co.uk/properties/162510014#/?channel=COM_BUY","2025-05-28T10:07:10Z","","new","Marketed by Knight Frank, Logistics and Industrial - Commercial","","51.549278","-0.241303","https://media.rightmove.co.uk:443/dir/crop/10:9-16:9/156k/155477/162510014/155477_LIC012517758_IMG_00_0018_max_476x317.jpeg; https://media.rightmove.co.uk:443/dir/crop/10:9-16:9/156k/155477/162510014/155477_LIC012517758_IMG_01_0018_max_476x317.jpeg; https://media.rightmove.co.uk:443/dir/crop/10:9-16:9/156k/155477/162510014/155477_LIC012517758_IMG_02_0018_max_476x317.jpeg; https://media.rightmove.co.uk:443/dir/crop/10:9-16:9/156k/155477/162510014/155477_LIC012517758_IMG_03_0018_max_476x317.jpeg; https://media.rightmove.co.uk:443/dir/crop/10:9-16:9/156k/155477/162510014/155477_LIC012517758_IMG_04_0018_max_476x317.jpeg; https://media.rightmove.co.uk:443/dir/crop/10:9-16:9/156k/155477/162510014/155477_LIC012517758_IMG_05_0018_max_476x317.jpeg; https://media.rightmove.co.uk:443/dir/crop/10:9-16:9/156k/155477/162510014/155477_LIC012517758_IMG_06_0018_max_476x317.jpeg; https://media.rightmove.co.uk:443/dir/crop/10:9-16:9/156k/155477/162510014/155477_LIC012517758_IMG_07_0018_max_476x317.jpeg; https://media.rightmove.co.uk:443/dir/crop/10:9-16:9/156k/155477/162510014/155477_LIC012517758_IMG_08_0018_max_476x317.jpeg; https://media.rightmove.co.uk:443/dir/crop/10:9-16:9/156k/155477/162510014/155477_LIC012517758_IMG_09_0018_max_476x317.jpeg; https://media.rightmove.co.uk:443/dir/crop/10:9-16:9/156k/155477/162510014/155477_LIC012517758_IMG_10_0018_max_476x317.jpeg; https://media.rightmove.co.uk:443/dir/crop/10:9-16:9/156k/155477/162510014/155477_LIC012517758_IMG_11_0018_max_476x317.jpeg; https://media.rightmove.co.uk:443/dir/crop/10:9-16:9/156k/155477/162510014/155477_LIC012517758_IMG_12_0018_max_476x317.jpeg"
"162090398","Brent","Retail Property (high street)","153 High Road, London, NW10","£350,000","","","","1,216 sq. ft.","1216","1216","113","113","Comprises corner ground floor shop with large basement. Benefits from triple frontage and suitable for variety of uses (Class E). ","https://www.rightmove.co.uk/properties/162090398#/?channel=COM_BUY","2025-05-17T15:57:15Z","","price_reduced","Marketed by Blue Alpine, London","","51.54707","-0.23288","https://media.rightmove.co.uk:443/dir/crop/10:9-16:9/231k/230087/162090398/230087_153highroadshop_IMG_07_0001_max_476x317.jpeg; https://media.rightmove.co.uk:443/dir/crop/10:9-16:9/231k/230087/162090398/230087_153highroadshop_IMG_08_0000_max_476x317.jpeg; https://media.rightmove.co.uk:443/dir/crop/10:9-16:9/231k/230087/162090398/230087_153highroadshop_IMG_09_0000_max_476x317.jpeg; https://media.rightmove.co.uk:443/dir/crop/10:9-16:9/231k/230087/162090398/230087_153highroadshop_IMG_10_0000_max_476x317.jpeg; https://media.rightmove.co.uk:443/dir/crop/10:9-16:9/231k/230087/162090398/230087_153highroadshop_IMG_11_0000_max_476x317.jpeg; https://media.rightmove.co.uk:443/dir/crop/10:9-16:9/231k/230087/162090398/230087_153highroadshop_IMG_12_0000_max_476x317.jpeg; https://media.rightmove.co.uk:443/dir/crop/10:9-16:9/231k/230087/162090398/230087_153highroadshop_IMG_13_0000_max_476x317.jpeg; https://media.rightmove.co.uk:443/dir/crop/10:9-16:9/231k/230087/162090398/230087_153highroadshop_IMG_06_0000_max_476x317.jpeg"
"162090203","Brent","Mixed Use","153 High Road, London, NW10 2SG","£450,000","","","","1,216 sq. ft.","1216","1216","113","113","Comprises corner ground floor shop and 3 residential flats above (all sold-off). Retail shop newly refurbished and benefits from triple glass frontage and large basement","https://www.rightmove.co.uk/properties/162090203#/?channel=COM_BUY","2025-05-17T15:43:37Z","","new","Marketed by Blue Alpine, London","","51.54707","-0.23288","https://media.rightmove.co.uk:443/dir/crop/10:9-16:9/property-photo/71c66b29d/162090203/71c66b29de9843449a62788bb2d1b5db_max_476x317.jpeg; https://media.rightmove.co.uk:443/dir/crop/10:9-16:9/property-photo/f7ed86e52/162090203/f7ed86e52d6b75d9c50f72cf19fc55d6_max_476x317.jpeg; https://media.rightmove.co.uk:443/dir/crop/10:9-16:9/property-photo/3f06ca0e0/162090203/3f06ca0e0f9bb406cb8af277bb6b6876_max_476x317.jpeg; https://media.rightmove.co.uk:443/dir/crop/10:9-16:9/property-photo/e393cb6de/162090203/e393cb6de05ed4600411a38639c3e5cc_max_476x317.jpeg; https://media.rightmove.co.uk:443/dir/crop/10:9-16:9/property-photo/f5c018d39/162090203/f5c018d393ec192d9b6f7fa94bd5b6c7_max_476x317.jpeg; https://media.rightmove.co.uk:443/dir/crop/10:9-16:9/property-photo/5da3b0180/162090203/5da3b0180c2102febabe801ea8c3d946_max_476x317.jpeg; https://media.rightmove.co.uk:443/dir/crop/10:9-16:9/property-photo/8895065ff/162090203/8895065ff6c21d32f658b084fa39e5f5_max_476x317.jpeg; https://media.rightmove.co.uk:443/dir/crop/10:9-16:9/property-photo/44f5fd084/162090203/44f5fd0846159a8ae1e7c5cd0dc3a9fd_max_476x317.jpeg; https://media.rightmove.co.uk:443/dir/crop/10:9-16:9/property-photo/3e20aa78d/162090203/3e20aa78ddd68e16dc77471fb19edef6_max_476x317.jpeg"
"162089591","Brent","Retail Property (high street)","1 & 3 Plaza Parade, Ealing Road, Wembley, Middlesex, HA0","£2,000,000","","","","2,422 sq. ft.","2422","2422","225","225","Comprises retail parade of 14 ground floor unit. Prominent location with 100% occupancy rate. Tenants include Jeweller`s, Fruit & Veg, Florist, Money Transfer, Tailor, Hair Salon and Book Store. ","https://www.rightmove.co.uk/properties/162089591#/?channel=COM_BUY","2025-05-17T14:57:38Z","","size_change","Marketed by Blue Alpine, London","","51.55091","-0.29836","https://media.rightmove.co.uk:443/dir/crop/10:9-16:9/property-photo/5c3236f47/162089591/5c3236f470cd057af265bd01bf7bbacb_max_476x317.jpeg; https://media.rightmove.co.uk:443/dir/crop/10:9-16:9/property-photo/199182038/162089591/1991820389c18bb3100368412bbb9ad7_max_476x317.jpeg; https://media.rightmove.co.uk:443/dir/crop/10:9-16:9/property-photo/879850948/162089591/8798509483229dcccf3b9c6979875612_max_476x317.jpeg; https://media.rightmove.co.uk:443/dir/crop/10:9-16:9/property-photo/80e0465f6/162089591/80e0465f6547523c57edf7d2d2d56c45_max_476x317.jpeg; https://media.rightmove.co.uk:443/dir/crop/10:9-16:9/property-photo/e183d5c4f/162089591/e183d5c4f02f6d8cdba3cef4565051fa_max_476x317.jpeg"
"162089417","Brent","Retail Property (high street)","3 Plaza Parade, Ealing Road, Wembley, Middlesex, HA0","£900,000","","","","1,066 sq. ft.","1066","1066","99","99","Comprises retail parade of 3 ground floor shops. Prominent location with 100% occupancy rate. ","https://www.rightmove.co.uk/properties/162089417#/?channel=COM_BUY","2025-05-17T14:43:44Z","","new","Marketed by Blue Alpine, London","","51.55091","-0.29836","https://media.rightmove.co.uk:443/dir/crop/10:9-16:9/231k/230087/162089417/230087_3plazaparade_IMG_00_0000_max_476x317.jpeg; https://media.rightmove.co.uk:443/dir/crop/10:9-16:9/231k/230087/162089417/230087_3plazaparade_IMG_01_0000_max_476x317.jpeg; https://media.rightmove.co.uk:443/dir/crop/10:9-16:9/231k/230087/162089417/230087_3plazaparade_IMG_02_0000_max_476x317.jpeg"
"162089111","Brent","Retail Property (high street)","1 Plaza Parade, Ealing Road, Wembley, Middlesex, HA0","£1,200,000","","","","1,356 sq. ft.","1356","1356","126","126","Comprises retail parade of 11 ground floor units. Prominent location with 100% occupancy rate. ","https://www.rightmove.co.uk/properties/162089111#/?channel=COM_BUY","2025-05-17T14:31:14Z","","new","Marketed by Blue Alpine, London","","51.55091","-0.29836","https://media.rightmove.co.uk:443/dir/crop/10:9-16:9/231k/230087/162089111/230087_1plazaparade_IMG_04_0000_max_476x317.jpeg; https://media.rightmove.co.uk:443/dir/crop/10:9-16:9/231k/230087/162089111/230087_1plazaparade_IMG_02_0000_max_476x317.jpeg; https://media.rightmove.co.uk:443/dir/crop/10:9-16:9/231k/230087/162089111/230087_1plazaparade_IMG_03_0000_max_476x317.jpeg"
"161916452","Brent","Retail Property (high street)","Wembley Park Drive, Wembley, Middlesex, HA9","£595,000","Guide Price","","","","","","","","Attractive Long Term Investment or Flexible Occupier Opportunity in One of London's Fastest Growing Locations","https://www.rightmove.co.uk/properties/161916452#/?channel=COM_BUY","2025-05-14T10:46:49Z","","price_reduced","Marketed by DALINGTON Auction House, London","","51.56209","-0.2815","https://media.rightmove.co.uk:443/dir/crop/10:9-16:9/property-photo/60fd03df0/161916452/60fd03df08ce09495dd21c5bb1aa3b54_max_476x317.jpeg; https://media.rightmove.co.uk:443/dir/crop/10:9-16:9/property-photo/6c254d9dd/161916452/6c254d9dd530f289b195b88dd40b9dbb_max_476x317.jpeg; https://media.rightmove.co.uk:443/dir/crop/10:9-16:9/property-photo/2bdd592e7/161916452/2bdd592e7bd5a8d28279e404e6e3fa99_max_476x317.jpeg"
"158044229","Brent","Office","Cypress Court Westmoreland Road, Kingsbury, Middlesex, NW9","£675,000","Guide Price","","","1,870 sq. ft.","1870","1870","174","174","Ground floor suite forming part of an office block having a good frontage to Westmoreland Road with the benefit of two front doors. In addition, there is a further access via the block communal entrance hall. The property has been used as a college and is arranged as offices, classrooms, halls ...","https://www.rightmove.co.uk/properties/158044229#/?channel=COM_BUY","2025-02-10T14:26:31Z","","price_reduced","Marketed by Chamberlain Commercial (UK) Ltd, Middlesex","","51.591517","-0.282581","https://media.rightmove.co.uk:443/dir/crop/10:9-16:9/146k/145475/158044229/145475_1335FH_IMG_00_0000_max_476x317.jpeg; https://media.rightmove.co.uk:443/dir/crop/10:9-16:9/146k/145475/158044229/145475_1335FH_IMG_01_0000_max_476x317.jpeg; https://media.rightmove.co.uk:443/dir/crop/10:9-16:9/146k/145475/158044229/145475_1335FH_IMG_02_0000_max_476x317.jpeg; https://media.rightmove.co.uk:443/dir/crop/10:9-16:9/146k/145475/158044229/145475_1335FH_IMG_03_0000_max_476x317.jpeg; https://media.rightmove.co.uk:443/dir/crop/10:9-16:9/146k/145475/158044229/145475_1335FH_IMG_04_0000_max_476x317.jpeg; https://media.rightmove.co.uk:443/dir/crop/10:9-16:9/146k/145475/158044229/145475_1335FH_IMG_05_0000_max_476x317.jpeg; https://media.rightmove.co.uk:443/dir/crop/10:9-16:9/146k/145475/158044229/145475_1335FH_IMG_06_0000_max_476x317.jpeg; https://media.rightmove.co.uk:443/dir/crop/10:9-16:9/146k/145475/158044229/145475_1335FH_IMG_07_0000_max_476x317.jpeg; https://media.rightmove.co.uk:443/dir/crop/10:9-16:9/146k/145475/158044229/145475_1335FH_IMG_08_0000_max_476x317.jpeg; https://media.rightmove.co.uk:443/dir/crop/10:9-16:9/146k/145475/158044229/145475_1335FH_IMG_09_0000_max_476x317.jpeg; https://media.rightmove.co.uk:443/dir/crop/10:9-16:9/146k/145475/158044229/145475_1335FH_IMG_10_0000_max_476x317.jpeg; https://media.rightmove.co.uk:443/dir/crop/10:9-16:9/146k/145475/158044229/145475_1335FH_IMG_11_0000_max_476x317.jpeg; https://media.rightmove.co.uk:443/dir/crop/10:9-16:9/146k/145475/158044229/145475_1335FH_IMG_12_0000_max_476x317.jpeg; https://media.rightmove.co.uk:443/dir/crop/10:9-16:9/146k/145475/158044229/145475_1335FH_IMG_13_0000_max_476x317.jpeg"
"161807210","Brent","Retail Property (high street)","Kenton Road, Harrow, Greater London, HA3","£1,300,000","Guide Price","","","2,453 sq. ft.","2453","2453","228","228","Mixed-use freehold property arranged over three storeys, comprising a vacant ground floor restaurant and two self-contained two-bedroom flats on the upper floors. Both residential units are let on ASTs at £1,450 per calendar month each, generating a combined annual rental income of £34,800. The g...","https://www.rightmove.co.uk/properties/161807210#/?channel=COM_BUY","2025-05-12T10:50:37Z","","new","Marketed by Stimpsons Eves, Luton","","51.583328","-0.314384","https://media.rightmove.co.uk:443/dir/crop/10:9-16:9/288k/287516/161807210/287516_1099FH_IMG_00_0000_max_476x317.jpeg; https://media.rightmove.co.uk:443/dir/crop/10:9-16:9/288k/287516/161807210/287516_1099FH_IMG_01_0000_max_476x317.jpeg; https://media.rightmove.co.uk:443/dir/crop/10:9-16:9/288k/287516/161807210/287516_1099FH_IMG_02_0000_max_476x317.jpeg; https://media.rightmove.co.uk:443/dir/crop/10:9-16:9/288k/287516/161807210/287516_1099FH_IMG_03_0000_max_476x317.jpeg; https://media.rightmove.co.uk:443/dir/crop/10:9-16:9/288k/287516/161807210/287516_1099FH_IMG_04_0000_max_476x317.jpeg; https://media.rightmove.co.uk:443/dir/crop/10:9-16:9/288k/287516/161807210/287516_1099FH_IMG_05_0000_max_476x317.jpeg; https://media.rightmove.co.uk:443/dir/crop/10:9-16:9/288k/287516/161807210/287516_1099FH_IMG_06_0000_max_476x317.jpeg; https://media.rightmove.co.uk:443/dir/crop/10:9-16:9/288k/287516/161807210/287516_1099FH_IMG_07_0000_max_476x317.jpeg; https://media.rightmove.co.uk:443/dir/crop/10:9-16:9/288k/287516/161807210/287516_1099FH_IMG_08_0000_max_476x317.jpeg; https://media.rightmove.co.uk:443/dir/crop/10:9-16:9/288k/287516/161807210/287516_1099FH_IMG_09_0000_max_476x317.jpeg"
"85987434","Brent","Distribution Warehouse","North Circular Road, London, NW2","£1,600,000","Guide Price","","","7,131 sq. ft.","7131","7131","662","662","The property is situated in a highly prominent location on the North side of the North Circular Road (A406) approx. 0.6miles from junct 1 of the M1 and Edgware Road. There is excellent road communication to and from Central London. The building is being fully refurbished and will provide approx 7131","https://www.rightmove.co.uk/properties/85987434#/?channel=COM_BUY","2023-02-08T15:34:36Z","","price_reduced","Marketed by Petermans, London","","51.56975","-0.24037","https://media.rightmove.co.uk:443/dir/crop/10:9-16:9/239k/238082/85987434/238082_NCR1_IMG_00_0000_max_476x317.jpeg; https://media.rightmove.co.uk:443/dir/crop/10:9-16:9/239k/238082/85987434/238082_NCR1_IMG_01_0000_max_476x317.jpeg; https://media.rightmove.co.uk:443/dir/crop/10:9-16:9/239k/238082/85987434/238082_NCR1_IMG_02_0000_max_476x317.jpeg; https://media.rightmove.co.uk:443/dir/crop/10:9-16:9/239k/238082/85987434/238082_NCR1_IMG_03_0000_max_476x317.jpeg; https://media.rightmove.co.uk:443/dir/crop/10:9-16:9/239k/238082/85987434/238082_NCR1_IMG_04_0000_max_476x317.jpeg; https://media.rightmove.co.uk:443/dir/crop/10:9-16:9/239k/238082/85987434/238082_NCR1_IMG_05_0000_max_476x317.jpeg; https://media.rightmove.co.uk:443/dir/crop/10:9-16:9/239k/238082/85987434/238082_NCR1_IMG_06_0000_max_476x317.jpeg; https://media.rightmove.co.uk:443/dir/crop/10:9-16:9/239k/238082/85987434/238082_NCR1_IMG_07_0000_max_476x317.jpeg; https://media.rightmove.co.uk:443/dir/crop/10:9-16:9/239k/238082/85987434/238082_NCR1_IMG_08_0000_max_476x317.jpeg; https://media.rightmove.co.uk:443/dir/crop/10:9-16:9/239k/238082/85987434/238082_NCR1_IMG_09_0000_max_476x317.jpeg; https://media.rightmove.co.uk:443/dir/crop/10:9-16:9/239k/238082/85987434/238082_NCR1_IMG_10_0000_max_476x317.jpeg; https://media.rightmove.co.uk:443/dir/crop/10:9-16:9/239k/238082/85987434/238082_NCR1_IMG_11_0000_max_476x317.jpeg; https://media.rightmove.co.uk:443/dir/crop/10:9-16:9/239k/238082/85987434/238082_NCR1_IMG_12_0000_max_476x317.jpeg"
"160678745","Brent","Commercial Property","Popin Business Centre, Wembley","£600,000","Offers in Region of","","","","","","","","Unit 4 – Pop In Commercial Centre, South Way, Wembley, HA9 0HF Unit 4 at the Pop In Commercial Centre is currently occupied by a catering business. While specific sales details for this unit are not readily available at this time, similar properties within the centre have been listed pre...","https://www.rightmove.co.uk/properties/160678745#/?channel=COM_BUY","2025-04-14T17:05:11Z","","new","Marketed by STONEBANKS UK LTD, London","","51.555187","-0.275461","https://media.rightmove.co.uk:443/dir/crop/10:9-16:9/273k/272417/160678745/272417_33815608_IMG_00_0000_max_476x317.jpeg; https://media.rightmove.co.uk:443/dir/crop/10:9-16:9/273k/272417/160678745/272417_33815608_IMG_01_0000_max_476x317.jpeg; https://media.rightmove.co.uk:443/dir/crop/10:9-16:9/273k/272417/160678745/272417_33815608_IMG_02_0000_max_476x317.jpeg; https://media.rightmove.co.uk:443/dir/crop/10:9-16:9/273k/272417/160678745/272417_33815608_IMG_03_0000_max_476x317.jpeg; https://media.rightmove.co.uk:443/dir/crop/10:9-16:9/273k/272417/160678745/272417_33815608_IMG_04_0000_max_476x317.jpeg; https://media.rightmove.co.uk:443/dir/crop/10:9-16:9/273k/272417/160678745/272417_33815608_IMG_05_0000_max_476x317.jpeg; https://media.rightmove.co.uk:443/dir/crop/10:9-16:9/273k/272417/160678745/272417_33815608_IMG_06_0000_max_476x317.jpeg"
"153761825","Brent","Residential Development","294 North Circular Road, Stonebridge, London, Greater London, NW10","£645,000","","","","","","","","","FOR SALE - Vacant Possession Semi-detached property split into self contained bedrooms, with shared bathroom facilities on each floor. A large kitchen and sitting room and a fully converted attic. Outside you have a large garden with an outside building which is fully converted including toilet...","https://www.rightmove.co.uk/properties/153761825#/?channel=COM_BUY","2024-10-14T21:51:28Z","","price_reduced","Marketed by Fletcher CRE LTD, Bolton","","51.55204","-0.258249","https://media.rightmove.co.uk:443/dir/crop/10:9-16:9/150k/149231/153761825/149231_2873FH_IMG_00_0000_max_476x317.jpeg; https://media.rightmove.co.uk:443/dir/crop/10:9-16:9/150k/149231/153761825/149231_2873FH_IMG_01_0000_max_476x317.jpeg; https://media.rightmove.co.uk:443/dir/crop/10:9-16:9/150k/149231/153761825/149231_2873FH_IMG_02_0000_max_476x317.jpeg; https://media.rightmove.co.uk:443/dir/crop/10:9-16:9/150k/149231/153761825/149231_2873FH_IMG_03_0000_max_476x317.jpeg; https://media.rightmove.co.uk:443/dir/crop/10:9-16:9/150k/149231/153761825/149231_2873FH_IMG_04_0000_max_476x317.jpeg; https://media.rightmove.co.uk:443/dir/crop/10:9-16:9/150k/149231/153761825/149231_2873FH_IMG_05_0000_max_476x317.jpeg; https://media.rightmove.co.uk:443/dir/crop/10:9-16:9/150k/149231/153761825/149231_2873FH_IMG_06_0000_max_476x317.jpeg; https://media.rightmove.co.uk:443/dir/crop/10:9-16:9/150k/149231/153761825/149231_2873FH_IMG_07_0000_max_476x317.jpeg; https://media.rightmove.co.uk:443/dir/crop/10:9-16:9/150k/149231/153761825/149231_2873FH_IMG_08_0000_max_476x317.jpeg; https://media.rightmove.co.uk:443/dir/crop/10:9-16:9/150k/149231/153761825/149231_2873FH_IMG_09_0000_max_476x317.jpeg; https://media.rightmove.co.uk:443/dir/crop/10:9-16:9/150k/149231/153761825/149231_2873FH_IMG_10_0000_max_476x317.jpeg; https://media.rightmove.co.uk:443/dir/crop/10:9-16:9/150k/149231/153761825/149231_2873FH_IMG_11_0000_max_476x317.jpeg; https://media.rightmove.co.uk:443/dir/crop/10:9-16:9/150k/149231/153761825/149231_2873FH_IMG_12_0000_max_476x317.jpeg; https://media.rightmove.co.uk:443/dir/crop/10:9-16:9/150k/149231/153761825/149231_2873FH_IMG_13_0000_max_476x317.jpeg; https://media.rightmove.co.uk:443/dir/crop/10:9-16:9/150k/149231/153761825/149231_2873FH_IMG_14_0000_max_476x317.jpeg"
"160358519","Brent","Residential Development","Villiers Road, London, NW2","£1,400,000","Guide Price","","","5,825 sq. ft.","5825","5825","541","541","A former working men's club with a flat above suitable for a variety of uses subject to planning permission. PLEASE NOTE THAT IN THIS INSTANCE THE PURCHASER IS REQUIRED TO PAY OUR FEES. ","https://www.rightmove.co.uk/properties/160358519#/?channel=COM_BUY","2025-04-07T15:58:03Z","","new","Marketed by Dexters Development & Investment, North London","","51.55022","-0.23833","https://media.rightmove.co.uk:443/dir/crop/10:9-16:9/83k/82977/160358519/82977_206VilliersRoad_IMG_04_0000_max_476x317.jpeg; https://media.rightmove.co.uk:443/dir/crop/10:9-16:9/83k/82977/160358519/82977_206VilliersRoad_IMG_05_0000_max_476x317.jpeg; https://media.rightmove.co.uk:443/dir/crop/10:9-16:9/83k/82977/160358519/82977_206VilliersRoad_IMG_00_0000_max_476x317.jpeg; https://media.rightmove.co.uk:443/dir/crop/10:9-16:9/83k/82977/160358519/82977_206VilliersRoad_IMG_01_0000_max_476x317.jpeg; https://media.rightmove.co.uk:443/dir/crop/10:9-16:9/83k/82977/160358519/82977_206VilliersRoad_IMG_02_0000_max_476x317.jpeg; https://media.rightmove.co.uk:443/dir/crop/10:9-16:9/83k/82977/160358519/82977_206VilliersRoad_IMG_03_0000_max_476x317.jpeg; https://media.rightmove.co.uk:443/dir/crop/10:9-16:9/83k/82977/160358519/82977_206VilliersRoad_IMG_14_0000_max_476x317.jpeg; https://media.rightmove.co.uk:443/dir/crop/10:9-16:9/83k/82977/160358519/82977_206VilliersRoad_IMG_13_0000_max_476x317.jpeg; https://media.rightmove.co.uk:443/dir/crop/10:9-16:9/83k/82977/160358519/82977_206VilliersRoad_IMG_15_0000_max_476x317.jpeg; https://media.rightmove.co.uk:443/dir/crop/10:9-16:9/83k/82977/160358519/82977_206VilliersRoad_IMG_07_0000_max_476x317.jpeg; https://media.rightmove.co.uk:443/dir/crop/10:9-16:9/83k/82977/160358519/82977_206VilliersRoad_IMG_08_0000_max_476x317.jpeg; https://media.rightmove.co.uk:443/dir/crop/10:9-16:9/83k/82977/160358519/82977_206VilliersRoad_IMG_06_0000_max_476x317.jpeg; https://media.rightmove.co.uk:443/dir/crop/10:9-16:9/83k/82977/160358519/82977_206VilliersRoad_IMG_09_0000_max_476x317.jpeg; https://media.rightmove.co.uk:443/dir/crop/10:9-16:9/83k/82977/160358519/82977_206VilliersRoad_IMG_10_0000_max_476x317.jpeg; https://media.rightmove.co.uk:443/dir/crop/10:9-16:9/83k/82977/160358519/82977_206VilliersRoad_IMG_11_0000_max_476x317.jpeg; https://media.rightmove.co.uk:443/dir/crop/10:9-16:9/83k/82977/160358519/82977_206VilliersRoad_IMG_12_0000_max_476x317.jpeg"
"160321121","Brent","Mixed Use","Wembley Park, Middlesex, HA9 8HQ","£1,000,000","Guide Price","","","","","","","","Freehold Mixed-Use Investment with Dual Planning Permissions & Full Rental Income","https://www.rightmove.co.uk/properties/160321121#/?channel=COM_BUY","2025-04-06T18:37:35Z","","new","Marketed by DALINGTON Auction House, London","","51.56209","-0.2815","https://media.rightmove.co.uk:443/dir/crop/10:9-16:9/property-photo/2bdd592e7/160321121/2bdd592e7bd5a8d28279e404e6e3fa99_max_476x317.jpeg; https://media.rightmove.co.uk:443/dir/crop/10:9-16:9/property-photo/186e57439/160321121/186e57439fc5215f49dd38d7f9598661_max_476x317.jpeg; https://media.rightmove.co.uk:443/dir/crop/10:9-16:9/property-photo/2b84e31b4/160321121/2b84e31b483d77ee07a63fb238ea16c7_max_476x317.jpeg; https://media.rightmove.co.uk:443/dir/crop/10:9-16:9/property-photo/60fd03df0/160321121/60fd03df08ce09495dd21c5bb1aa3b54_max_476x317.jpeg; https://media.rightmove.co.uk:443/dir/crop/10:9-16:9/property-photo/6c254d9dd/160321121/6c254d9dd530f289b195b88dd40b9dbb_max_476x317.jpeg"
"163213334","Brent","Leisure Facility","27 Emerald Road, Stonebridge, Harlesden, London NW10 8DF","£590,000","","","","3,418 sq. ft.","3418","3418","318","318","The property is sited on the ground floor of The Helix building. It is located on Emerald Road fronting onto a public open area. Planning use is D1.","https://www.rightmove.co.uk/properties/163213334#/?channel=COM_BUY","2025-06-12T12:39:50Z","","new","Marketed by SHW, London","","51.539387","-0.259155","https://media.rightmove.co.uk:443/dir/crop/10:9-16:9/286k/285425/163213334/285425_15833FH_IMG_00_0000_max_476x317.jpeg; https://media.rightmove.co.uk:443/dir/crop/10:9-16:9/286k/285425/163213334/285425_15833FH_IMG_01_0000_max_476x317.jpeg; https://media.rightmove.co.uk:443/dir/crop/10:9-16:9/286k/285425/163213334/285425_15833FH_IMG_02_0000_max_476x317.jpeg"
"721597779055136","Brent","Distribution Warehouse","EDC House, Fifth Way, Wembley, HA9 0DE","£4,500,000","Offers in Region of","","","12,578 sq. ft.","12578","12578","1169","1169","Warehouse facility located on secure self-contained site","https://www.rightmove.co.uk/properties/721597779055136#/?channel=COM_BUY","2025-11-26T11:10:03Z","","price_reduced","Marketed by DCPC Commercial, Pinner","","51.559329","-0.271863","https://media.rightmove.co.uk:443/dir/crop/10:9-16:9/83k/82557/721597779055136/82557_230985-1_IMG_00_0000_max_476x317.png; https://media.rightmove.co.uk:443/dir/crop/10:9-16:9/83k/82557/721597779055136/82557_230985-1_IMG_01_0000_max_476x317.png; https://media.rightmove.co.uk:443/dir/crop/10:9-16:9/83k/82557/721597779055136/82557_230985-1_IMG_02_0000_max_476x317.png; https://media.rightmove.co.uk:443/dir/crop/10:9-16:9/83k/82557/721597779055136/82557_230985-1_IMG_03_0000_max_476x317.jpeg; https://media.rightmove.co.uk:443/dir/crop/10:9-16:9/83k/82557/721597779055136/82557_230985-1_IMG_04_0000_max_476x317.jpeg; https://media.rightmove.co.uk:443/dir/crop/10:9-16:9/83k/82557/721597779055136/82557_230985-1_IMG_05_0000_max_476x317.jpeg; https://media.rightmove.co.uk:443/dir/crop/10:9-16:9/83k/82557/721597779055136/82557_230985-1_IMG_06_0000_max_476x317.jpeg; https://media.rightmove.co.uk:443/dir/crop/10:9-16:9/83k/82557/721597779055136/82557_230985-1_IMG_07_0000_max_476x317.jpeg; https://media.rightmove.co.uk:443/dir/crop/10:9-16:9/83k/82557/721597779055136/82557_230985-1_IMG_08_0000_max_476x317.jpeg; https://media.rightmove.co.uk:443/dir/crop/10:9-16:9/83k/82557/721597779055136/82557_230985-1_IMG_09_0000_max_476x317.jpeg; https://media.rightmove.co.uk:443/dir/crop/10:9-16:9/83k/82557/721597779055136/82557_230985-1_IMG_10_0000_max_476x317.jpeg; https://media.rightmove.co.uk:443/dir/crop/10:9-16:9/83k/82557/721597779055136/82557_230985-1_IMG_11_0000_max_476x317.jpeg; https://media.rightmove.co.uk:443/dir/crop/10:9-16:9/83k/82557/721597779055136/82557_230985-1_IMG_12_0000_max_476x317.jpeg; https://media.rightmove.co.uk:443/dir/crop/10:9-16:9/83k/82557/721597779055136/82557_230985-1_IMG_13_0000_max_476x317.jpeg; https://media.rightmove.co.uk:443/dir/crop/10:9-16:9/83k/82557/721597779055136/82557_230985-1_IMG_14_0000_max_476x317.jpeg; https://media.rightmove.co.uk:443/dir/crop/10:9-16:9/83k/82557/721597779055136/82557_230985-1_IMG_15_0000_max_476x317.jpeg; https://media.rightmove.co.uk:443/dir/crop/10:9-16:9/83k/82557/721597779055136/82557_230985-1_IMG_16_0000_max_476x317.jpeg; https://media.rightmove.co.uk:443/dir/crop/10:9-16:9/83k/82557/721597779055136/82557_230985-1_IMG_17_0000_max_476x317.jpeg; https://media.rightmove.co.uk:443/dir/crop/10:9-16:9/83k/82557/721597779055136/82557_230985-1_IMG_18_0000_max_476x317.jpeg; https://media.rightmove.co.uk:443/dir/crop/10:9-16:9/83k/82557/721597779055136/82557_230985-1_IMG_19_0000_max_476x317.jpeg; https://media.rightmove.co.uk:443/dir/crop/10:9-16:9/83k/82557/721597779055136/82557_230985-1_IMG_20_0000_max_476x317.jpeg; https://media.rightmove.co.uk:443/dir/crop/10:9-16:9/83k/82557/721597779055136/82557_230985-1_IMG_21_0000_max_476x317.jpeg; https://media.rightmove.co.uk:443/dir/crop/10:9-16:9/83k/82557/721597779055136/82557_230985-1_IMG_22_0000_max_476x317.jpeg; https://media.rightmove.co.uk:443/dir/crop/10:9-16:9/83k/82557/721597779055136/82557_230985-1_IMG_23_0000_max_476x317.jpeg"
"153471992","Brent","Retail Property (high street)","Kilburn Lane, London, W9","£360,000","Fixed Price","","","1,131 sq. ft.","1131","1131","105","105","Excellent opportunity for developer or investor","https://www.rightmove.co.uk/properties/153471992#/?channel=COM_BUY","2024-10-07T17:24:36Z","","new","Marketed by Vanderwald Estates Ltd, Edgware","","51.53299","-0.20574","https://media.rightmove.co.uk:443/dir/crop/10:9-16:9/280k/279995/153471992/279995_Kilburnlane_IMG_00_0000_max_476x317.jpeg; https://media.rightmove.co.uk:443/dir/crop/10:9-16:9/280k/279995/153471992/279995_Kilburnlane_IMG_01_0000_max_476x317.jpeg; https://media.rightmove.co.uk:443/dir/crop/10:9-16:9/280k/279995/153471992/279995_Kilburnlane_IMG_02_0000_max_476x317.jpeg; https://media.rightmove.co.uk:443/dir/crop/10:9-16:9/280k/279995/153471992/279995_Kilburnlane_IMG_03_0000_max_476x317.jpeg; https://media.rightmove.co.uk:443/dir/crop/10:9-16:9/280k/279995/153471992/279995_Kilburnlane_IMG_04_0000_max_476x317.jpeg; https://media.rightmove.co.uk:443/dir/crop/10:9-16:9/280k/279995/153471992/279995_Kilburnlane_IMG_05_0000_max_476x317.jpeg; https://media.rightmove.co.uk:443/dir/crop/10:9-16:9/280k/279995/153471992/279995_Kilburnlane_IMG_06_0000_max_476x317.jpeg; https://media.rightmove.co.uk:443/dir/crop/10:9-16:9/280k/279995/153471992/279995_Kilburnlane_IMG_07_0000_max_476x317.jpeg; https://media.rightmove.co.uk:443/dir/crop/10:9-16:9/280k/279995/153471992/279995_Kilburnlane_IMG_08_0000_max_476x317.jpeg"
"149244347","Brent","Commercial Property","Chamberlayne Road, Kensal Rise, London, NW10","£1,895,000","","7","","","","","","","COMMERCIAL & RESIDENTIAL INVESTMENT PROPERTY PRODUCING £132,840 PER ANNUM. This is an exciting opportunity for a discerning investor to purchase a rare to the market fully Let investment property comprising a converted Basement flat with 1 bedroom, reception & open plan kitchen, bathroom/wc and r...","https://www.rightmove.co.uk/properties/149244347#/?channel=COM_BUY","2024-06-17T14:05:39Z","","price_reduced","Marketed by Wenlock & Taylor, London","","51.533946","-0.218629","https://media.rightmove.co.uk:443/dir/crop/10:9-16:9/property-photo/fe97d9b87/149244347/fe97d9b87373d40bac9a95747b167bc5_max_476x317.jpeg; https://media.rightmove.co.uk:443/dir/crop/10:9-16:9/property-photo/e2c578a63/149244347/e2c578a63ab95de488aa8465d8d977b9_max_476x317.jpeg; https://media.rightmove.co.uk:443/dir/crop/10:9-16:9/property-photo/5ce4fd6a6/149244347/5ce4fd6a64dfb41b266bbc617b5dfa6e_max_476x317.jpeg"
"149239973","Brent","Commercial Property","Chamberlayne Road, Kensal Rise, London, NW10","£1,650,000","","6","","","","","","","COMMERCIAL & RESIDENTIAL INVESTMENT PROPERTY PRODUCING £109,100 pa. We are delighted to offer a rare to the market fully Let investment property and situated in this busy and popular location in the centre of Kensal Rise and (new) Kensal Rise Conservation area. Comprising a (Coffee) Shop & Baseme...","https://www.rightmove.co.uk/properties/149239973#/?channel=COM_BUY","2024-06-17T13:14:02Z","","price_reduced","Marketed by Wenlock & Taylor, London","","51.53342","-0.218273","https://media.rightmove.co.uk:443/dir/crop/10:9-16:9/92k/91292/149239973/91292_33172295_IMG_00_0000_max_476x317.jpeg; https://media.rightmove.co.uk:443/dir/crop/10:9-16:9/92k/91292/149239973/91292_33172295_IMG_01_0000_max_476x317.jpeg; https://media.rightmove.co.uk:443/dir/crop/10:9-16:9/92k/91292/149239973/91292_33172295_IMG_02_0000_max_476x317.jpeg"
"147803177","Brent","Land","Circklewood Broadway, London","£2,250,000","","6","7","","","","","","This property is a mid-terraced building in Cricklewood, North West London, offering a mix of commercial and residential spaces. The building consists of a ground floor shop and six self-contained flats, presenting an excellent investment opportunity. It is held under freehold tenure and benefits...","https://www.rightmove.co.uk/properties/147803177#/?channel=COM_BUY","2024-05-09T15:22:39Z","","new","Marketed by PMP International, London","","51.556354","-0.215289","https://media.rightmove.co.uk:443/dir/crop/10:9-16:9/property-photo/5981eb215/147803177/5981eb215ee5a7725bd6b0b9ef548034_max_476x317.jpeg; https://media.rightmove.co.uk:443/dir/crop/10:9-16:9/property-photo/25fd0a3f7/147803177/25fd0a3f7052ecb74b1e1352d5488a8f_max_476x317.jpeg; https://media.rightmove.co.uk:443/dir/crop/10:9-16:9/property-photo/192b51b63/147803177/192b51b634aa85da6b7b32724771b88d_max_476x317.jpeg; https://media.rightmove.co.uk:443/dir/crop/10:9-16:9/property-photo/17e32659d/147803177/17e32659d966a8a0a0ac6bf0fe04b0cb_max_476x317.jpeg; https://media.rightmove.co.uk:443/dir/crop/10:9-16:9/property-photo/0ba23e4f2/147803177/0ba23e4f2ae49b693ad00cad5dac420c_max_476x317.jpeg; https://media.rightmove.co.uk:443/dir/crop/10:9-16:9/property-photo/89d30c000/147803177/89d30c000ad6ac739aef1a7874004325_max_476x317.jpeg; https://media.rightmove.co.uk:443/dir/crop/10:9-16:9/property-photo/406dcf345/147803177/406dcf345def45fa85067c9fadc62629_max_476x317.jpeg; https://media.rightmove.co.uk:443/dir/crop/10:9-16:9/property-photo/e25eaad83/147803177/e25eaad83e208f19f5ec5054123c2630_max_476x317.jpeg; https://media.rightmove.co.uk:443/dir/crop/10:9-16:9/property-photo/c77ad5388/147803177/c77ad5388903b48ec74013809cc35eae_max_476x317.jpeg; https://media.rightmove.co.uk:443/dir/crop/10:9-16:9/property-photo/0b9bbe886/147803177/0b9bbe8862304636a15676acb4d3454c_max_476x317.jpeg; https://media.rightmove.co.uk:443/dir/crop/10:9-16:9/property-photo/218231499/147803177/21823149902c3a94c1a300efafad51fe_max_476x317.jpeg; https://media.rightmove.co.uk:443/dir/crop/10:9-16:9/property-photo/f2f073f8a/147803177/f2f073f8ae2fca0e24e27030b072cb92_max_476x317.jpeg; https://media.rightmove.co.uk:443/dir/crop/10:9-16:9/property-photo/5a625b8a2/147803177/5a625b8a233d714adfea3315141759c9_max_476x317.jpeg; https://media.rightmove.co.uk:443/dir/crop/10:9-16:9/property-photo/72e0ba1f3/147803177/72e0ba1f3a79f012606ad33ef9e9264e_max_476x317.jpeg; https://media.rightmove.co.uk:443/dir/crop/10:9-16:9/property-photo/6b7b306f9/147803177/6b7b306f9daee2eb047a289b9dab3c0e_max_476x317.jpeg; https://media.rightmove.co.uk:443/dir/crop/10:9-16:9/property-photo/70f1b6f61/147803177/70f1b6f61726c344670176bdf524c6d5_max_476x317.jpeg; https://media.rightmove.co.uk:443/dir/crop/10:9-16:9/property-photo/af5e1eb82/147803177/af5e1eb82d952bbe96f6ca71fab29e69_max_476x317.jpeg; https://media.rightmove.co.uk:443/dir/crop/10:9-16:9/property-photo/b2cdedaf7/147803177/b2cdedaf7600c3e5b452fad6c05c8346_max_476x317.jpeg; https://media.rightmove.co.uk:443/dir/crop/10:9-16:9/property-photo/39e6d3bc9/147803177/39e6d3bc9211683970366d809ac88ef4_max_476x317.jpeg; https://media.rightmove.co.uk:443/dir/crop/10:9-16:9/property-photo/cd2b914dd/147803177/cd2b914dd319c248c4312a88617713fa_max_476x317.jpeg; https://media.rightmove.co.uk:443/dir/crop/10:9-16:9/property-photo/57f8f282d/147803177/57f8f282df383933a32272995300b9d1_max_476x317.jpeg; https://media.rightmove.co.uk:443/dir/crop/10:9-16:9/property-photo/d17ca1ac3/147803177/d17ca1ac3235ea7b240d55123195fe03_max_476x317.jpeg; https://media.rightmove.co.uk:443/dir/crop/10:9-16:9/property-photo/571411a65/147803177/571411a65c76def5c4259b0ef8ffa637_max_476x317.jpeg; https://media.rightmove.co.uk:443/dir/crop/10:9-16:9/property-photo/15a5d34a1/147803177/15a5d34a1ca8c600b6d26a3f7a38679e_max_476x317.jpeg; https://media.rightmove.co.uk:443/dir/crop/10:9-16:9/property-photo/109b0a1a1/147803177/109b0a1a1cc18029e5546c5874c50078_max_476x317.jpeg"
"142514978","Brent","Mixed Use","5,5A,5B Court Parade, Wembley, Middlesex, HA0","£850,000","Fixed Price","6","","2,285 sq. ft.","2285","2285","212","212","Comprises ground floor shop (sold-off), 2-bedroom flat at first floor, 4-bedroom flat at second/third floor and self-contained plot of land at rear, currently used as a car parking. ","https://www.rightmove.co.uk/properties/142514978#/?channel=COM_BUY","2023-12-01T15:46:23Z","","size_change","Marketed by Blue Alpine, London","","51.56209","-0.31901","https://media.rightmove.co.uk:443/dir/crop/10:9-16:9/231k/230087/142514978/230087_5courtblock_IMG_00_0000_max_476x317.jpeg; https://media.rightmove.co.uk:443/dir/crop/10:9-16:9/231k/230087/142514978/230087_5courtblock_IMG_01_0000_max_476x317.jpeg; https://media.rightmove.co.uk:443/dir/crop/10:9-16:9/231k/230087/142514978/230087_5courtblock_IMG_02_0000_max_476x317.jpeg; https://media.rightmove.co.uk:443/dir/crop/10:9-16:9/231k/230087/142514978/230087_5courtblock_IMG_03_0000_max_476x317.jpeg; https://media.rightmove.co.uk:443/dir/crop/10:9-16:9/231k/230087/142514978/230087_5courtblock_IMG_04_0000_max_476x317.jpeg"
"141497303","Brent","Land","Rear of 5 Court Parade, Wembley, Middlesex, HA0","£210,000","Fixed Price","","","936 sq. ft.","936","936","87","87","Comprises open storage yard, currently used as a private car parking","https://www.rightmove.co.uk/properties/141497303#/?channel=COM_BUY","2023-10-31T17:59:11Z","","new","Marketed by Blue Alpine, London","","51.56209","-0.31901","https://media.rightmove.co.uk:443/dir/crop/10:9-16:9/231k/230087/141497303/230087_rearof5_IMG_00_0000_max_476x317.jpeg; https://media.rightmove.co.uk:443/dir/crop/10:9-16:9/231k/230087/141497303/230087_rearof5_IMG_01_0000_max_476x317.jpeg; https://media.rightmove.co.uk:443/dir/crop/10:9-16:9/231k/230087/141497303/230087_rearof5_IMG_02_0000_max_476x317.jpeg"
"135470033","Brent","Mixed Use","207 Watford Road, Harrow, Middlesex, HA1","£995,000","Offers in Excess of","5","","1,560 sq. ft.","1560","1560","145","145","Comprises retail shop at ground floor with 5-Bed HMO at first and second floor","https://www.rightmove.co.uk/properties/135470033#/?channel=COM_BUY","2023-05-30T18:14:20Z","","price_reduced","Marketed by Blue Alpine, London","","51.56536","-0.32148","https://media.rightmove.co.uk:443/dir/crop/10:9-16:9/231k/230087/135470033/230087_207watford_IMG_08_0000_max_476x317.jpeg; https://media.rightmove.co.uk:443/dir/crop/10:9-16:9/231k/230087/135470033/230087_207watford_IMG_03_0000_max_476x317.jpeg; https://media.rightmove.co.uk:443/dir/crop/10:9-16:9/231k/230087/135470033/230087_207watford_IMG_04_0000_max_476x317.jpeg; https://media.rightmove.co.uk:443/dir/crop/10:9-16:9/231k/230087/135470033/230087_207watford_IMG_05_0000_max_476x317.jpeg; https://media.rightmove.co.uk:443/dir/crop/10:9-16:9/231k/230087/135470033/230087_207watford_IMG_07_0000_max_476x317.jpeg"
"131989031","Brent","Residential Development","Cricklewood Broadway, London, NW2","£2,350,000","Guide Price","6","","3,587 sq. ft.","3587","3587","333","333","Freehold mixed-use property located on the busy and popular Cricklewood Broadway comprising commercial premises and six flats.","https://www.rightmove.co.uk/properties/131989031#/?channel=COM_BUY","2023-02-24T15:27:44Z","","new","Marketed by Dexters Development & Investment, North London","","51.55597","-0.21494","https://media.rightmove.co.uk:443/dir/crop/10:9-16:9/237k/236726/131989031/236726_167CricklewoodBr_IMG_00_0000_max_476x317.png; https://media.rightmove.co.uk:443/dir/crop/10:9-16:9/237k/236726/131989031/236726_167CricklewoodBr_IMG_02_0000_max_476x317.jpeg; https://media.rightmove.co.uk:443/dir/crop/10:9-16:9/237k/236726/131989031/236726_167CricklewoodBr_IMG_01_0000_max_476x317.jpeg; https://media.rightmove.co.uk:443/dir/crop/10:9-16:9/237k/236726/131989031/236726_167CricklewoodBr_IMG_04_0000_max_476x317.jpeg; https://media.rightmove.co.uk:443/dir/crop/10:9-16:9/237k/236726/131989031/236726_167CricklewoodBr_IMG_03_0000_max_476x317.jpeg"